id,level,constant,add_version
8,1,5.0,0
8,2,7.2,0
8,3,10.2,0
8,4,12.4,0
9,1,4.0,0
9,2,7.1,0
9,3,9.8,0
9,4,12.4,0
17,1,7.0,0
17,2,7.8,0
17,3,9.5,0
17,4,10.7,0
17,5,12.7,0
18,1,6.0,0
18,2,6.8,0
18,3,9.6,0
18,4,11.7,0
22,1,6.0,0
22,2,7.6,0
22,3,9.7,0
22,4,12.5,0
22,5,14.8,0
23,1,4.0,0
23,2,7.6,0
23,3,9.2,0
23,4,11.4,0
23,5,13.7,0
24,1,4.0,0
24,2,7.6,0
24,3,8.9,0
24,4,11.4,0
24,5,13.9,0
25,1,6.0,0
25,2,7.4,0
25,3,9.3,0
25,4,11.4,0
27,1,5.0,0
27,2,6.8,0
27,3,9.5,0
27,4,11.7,0
30,1,6.0,0
30,2,7.9,0
30,3,8.8,0
30,4,11.8,0
31,1,6.0,0
31,2,8.4,0
31,3,11.2,0
31,4,12.8,0
35,1,5.0,0
35,2,7.1,0
35,3,10.7,0
35,4,13.3,0
38,1,7.0,0
38,2,8.2,0
38,3,10.0,0
38,4,11.7,0
40,1,5.0,0
40,2,7.2,0
40,3,10.2,0
40,4,12.4,0
42,1,5.0,0
42,2,8.0,0
42,3,9.3,0
42,4,12.4,0
46,1,6.0,0
46,2,7.6,0
46,3,9.3,0
46,4,11.7,0
47,1,6.0,0
47,2,8.5,0
47,3,10.7,0
47,4,12.8,0
47,5,14.5,0
53,1,6.0,0
53,2,7.2,0
53,3,9.1,0
53,4,10.7,0
56,1,6.0,0
56,2,8.3,0
56,3,9.7,0
56,4,13.4,0
58,1,5.0,1
58,2,7.0,1
58,3,11.2,1
58,4,12.8,1
58,5,13.4,1
61,1,6.0,0
61,2,9.3,0
61,3,12.7,0
61,4,12.5,0
61,5,14.2,0
62,1,5.0,0
62,2,7.4,0
62,3,9.4,0
62,4,10.7,0
62,5,13.1,0
63,1,7.0,0
63,2,7.8,0
63,3,9.4,0
63,4,11.7,0
64,1,7.0,0
64,2,8.0,0
64,3,9.7,0
64,4,12.4,0
65,1,7.0,0
65,2,7.8,0
65,3,9.3,0
65,4,11.4,0
65,5,12.5,0
66,1,7.0,0
66,2,8.4,0
66,3,9.7,0
66,4,12.8,0
66,5,13.3,0
67,1,6.0,0
67,2,7.7,0
67,3,9.8,0
67,4,12.4,0
68,1,6.0,0
68,2,7.6,0
68,3,10.0,0
68,4,12.4,0
69,1,6.0,0
69,2,8.6,0
69,3,12.3,0
69,4,12.5,0
70,1,6.0,0
70,2,7.9,0
70,3,10.9,0
70,4,14.3,0
70,5,14.2,0
71,1,6.0,0
71,2,8.6,0
71,3,9.7,0
71,4,11.7,0
71,5,13.2,0
73,1,7.0,0
73,2,7.8,0
73,3,8.8,0
73,4,11.7,0
75,1,5.0,0
75,2,8.0,0
75,3,10.0,0
75,4,13.4,0
76,1,4.0,0
76,2,7.0,0
76,3,10.0,0
76,4,12.5,0
77,1,5.0,0
77,2,7.8,0
77,3,10.5,0
77,4,12.7,0
78,1,5.0,0
78,2,7.0,0
78,3,8.7,0
78,4,11.7,0
79,1,5.0,0
79,2,6.6,0
79,3,8.9,0
79,4,12.5,0
80,1,5.0,0
80,2,6.2,0
80,3,9.7,0
80,4,12.7,0
80,5,12.7,0
81,1,5.0,0
81,2,7.4,0
81,3,11.7,0
81,4,12.4,0
81,5,13.2,0
82,1,5.0,0
82,2,8.6,0
82,3,10.9,0
82,4,13.9,0
83,1,6.0,0
83,2,9.1,0
83,3,12.7,0
83,4,13.4,0
84,1,6.0,0
84,2,8.7,0
84,3,10.8,0
84,4,12.8,0
85,1,4.0,0
85,2,7.5,0
85,3,11.1,0
85,4,13.7,0
85,5,13.9,0
100,1,6.0,1
100,2,7.5,1
100,3,10.5,1
100,4,12.4,1
100,5,13.2,1
101,1,5.0,1
101,2,8.1,1
101,3,9.1,1
101,4,13.7,1
102,1,6.0,1
102,2,8.2,1
102,3,11.1,1
102,4,12.7,1
106,1,6.0,1
106,2,8.6,1
106,3,10.7,1
106,4,13.6,1
107,1,5.0,1
107,2,8.6,1
107,3,11.1,1
107,4,12.7,1
107,5,13.3,1
108,1,5.0,1
108,2,6.9,1
108,3,8.5,1
108,4,12.4,1
109,1,6.0,1
109,2,9.0,1
109,3,12.7,1
109,4,13.7,1
110,1,3.0,1
110,2,7.3,1
110,3,11.9,1
110,4,12.8,1
111,1,5.0,1
111,2,8.2,1
111,3,10.7,1
111,4,12.7,1
111,5,12.7,1
112,1,6.0,1
112,2,9.0,1
112,3,11.4,1
112,4,14.0,1
113,1,4.0,1
113,2,8.7,1
113,3,13.0,1
113,4,13.4,1
114,1,6.0,1
114,2,7.6,1
114,3,11.7,1
114,4,13.8,1
115,1,5.0,2
115,2,7.5,2
115,3,12.0,2
115,4,13.8,2
115,5,13.7,2
116,1,3.0,1
116,2,8.2,1
116,3,11.2,1
116,4,13.0,1
117,1,4.0,1
117,2,7.2,1
117,3,12.0,1
117,4,13.7,1
118,1,5.0,1
118,2,7.0,1
118,3,10.0,1
118,4,12.4,1
119,1,6.0,1
119,2,8.0,1
119,3,11.4,1
119,4,13.4,1
120,1,5.0,1
120,2,6.8,1
120,3,9.1,1
120,4,10.7,1
121,1,4.0,1
121,2,7.1,1
121,3,10.7,1
121,4,12.4,1
122,1,5.0,1
122,2,8.2,1
122,3,11.2,1
122,4,12.5,1
128,1,5.0,1
128,2,7.6,1
128,3,12.1,1
128,4,12.7,1
130,1,6.0,1
130,2,8.8,1
130,3,12.1,1
130,4,13.8,1
131,1,6.0,1
131,2,7.8,1
131,3,12.5,1
131,4,12.5,1
131,5,13.5,1
132,1,6.0,1
132,2,8.1,1
132,3,13.1,1
132,4,13.7,1
133,1,6.0,1
133,2,8.6,1
133,3,12.9,1
133,4,13.7,1
133,5,13.7,1
134,1,3.0,1
134,2,8.2,1
134,3,11.7,1
134,4,13.2,1
134,5,13.4,1
135,1,5.0,1
135,2,9.1,1
135,3,11.1,1
135,4,13.2,1
136,1,6.0,1
136,2,8.1,1
136,3,12.7,1
136,4,13.7,1
137,1,6.0,1
137,2,8.4,1
137,3,12.2,1
137,4,13.4,1
138,1,6.0,1
138,2,8.2,1
138,3,11.4,1
138,4,13.4,1
139,1,7.0,1
139,2,8.7,1
139,3,11.9,1
139,4,13.4,1
140,1,6.0,1
140,2,8.6,1
140,3,11.1,1
140,4,13.3,1
141,1,7.0,1
141,2,8.4,1
141,3,11.9,1
141,4,14.0,1
142,1,6.0,1
142,2,8.2,1
142,3,13.0,1
142,4,13.3,1
143,1,6.0,1
143,2,9.3,1
143,3,12.7,1
143,4,14.2,1
143,5,14.5,1
144,1,7.0,1
144,2,8.6,1
144,3,11.3,1
144,4,13.3,1
144,5,13.5,1
145,1,4.0,1
145,2,7.8,1
145,3,11.9,1
145,4,12.4,1
145,5,12.7,1
146,1,5.0,1
146,2,8.6,1
146,3,11.2,1
146,4,12.9,1
146,5,13.4,1
147,1,5.0,1
147,2,7.7,1
147,3,11.4,1
147,4,12.7,1
152,1,6.0,1
152,2,8.7,1
152,3,11.8,1
152,4,13.2,1
153,1,6.0,1
153,2,8.6,1
153,3,11.9,1
153,4,13.2,1
154,1,6.0,1
154,2,8.9,1
154,3,13.2,1
154,4,13.7,1
155,1,4.0,1
155,2,8.1,1
155,3,10.9,1
155,4,13.2,1
155,5,12.9,1
157,1,4.0,1
157,2,7.9,1
157,3,11.8,1
157,4,12.5,1
159,1,5.0,1
159,2,7.1,1
159,3,9.3,1
159,4,12.4,1
184,1,5.0,2
184,2,7.7,2
184,3,9.4,2
184,4,12.7,2
185,1,3.0,2
185,2,6.8,2
185,3,9.6,2
185,4,12.8,2
186,1,5.0,2
186,2,7.3,2
186,3,9.8,2
186,4,11.2,2
187,1,4.0,2
187,2,7.4,2
187,3,9.8,2
187,4,13.2,2
188,1,4.0,2
188,2,8.4,2
188,3,11.0,2
188,4,13.3,2
189,1,4.0,2
189,2,7.0,2
189,3,10.9,2
189,4,12.7,2
190,1,3.0,2
190,2,7.7,2
190,3,10.7,2
190,4,12.7,2
191,1,5.0,2
191,2,7.1,2
191,3,12.7,2
191,4,14.0,2
193,1,5.0,2
193,2,7.6,2
193,3,11.0,2
193,4,13.3,2
194,1,5.0,2
194,2,8.4,2
194,3,10.7,2
194,4,13.3,2
198,1,5.0,2
198,2,7.0,2
198,3,11.7,2
198,4,13.2,2
198,5,14.0,2
199,1,3.0,2
199,2,7.2,2
199,3,10.4,2
199,4,12.9,2
200,1,3.0,2
200,2,6.8,2
200,3,10.6,2
200,4,12.5,2
200,5,13.3,2
201,1,6.0,2
201,2,7.2,2
201,3,9.5,2
201,4,13.3,2
202,1,4.0,2
202,2,7.0,2
202,3,9.7,2
202,4,13.3,2
203,1,6.0,2
203,2,7.0,2
203,3,11.6,2
203,4,12.5,2
204,1,4.0,2
204,2,8.0,2
204,3,11.9,2
204,4,13.3,2
204,5,14.3,2
205,1,4.0,2
205,2,7.9,2
205,3,10.6,2
205,4,13.2,2
206,1,5.0,2
206,2,7.5,2
206,3,9.9,2
206,4,12.7,2
207,1,3.0,2
207,2,6.2,2
207,3,10.3,2
207,4,12.7,2
208,1,2.0,2
208,2,6.8,2
208,3,10.9,2
208,4,12.0,2
209,1,5.0,2
209,2,7.5,2
209,3,11.3,2
209,4,13.7,2
212,1,2.0,2
212,2,7.7,2
212,3,12.2,2
212,4,12.7,2
213,1,5.0,2
213,2,6.8,2
213,3,9.0,2
213,4,13.4,2
214,1,4.0,2
214,2,8.5,2
214,3,9.3,2
214,4,13.2,2
216,1,4.0,2
216,2,7.5,2
216,3,12.7,2
216,4,13.3,2
217,1,4.0,2
217,2,7.4,2
217,3,11.7,2
217,4,12.5,2
218,1,3.0,2
218,2,7.8,2
218,3,11.5,2
218,4,13.4,2
219,1,4.0,2
219,2,9.2,2
219,3,11.2,2
219,4,13.5,2
219,5,14.2,2
220,1,2.0,2
220,2,7.1,2
220,3,11.1,2
220,4,12.8,2
223,1,5.0,2
223,2,8.6,2
223,3,12.5,2
223,4,13.7,2
224,1,5.0,2
224,2,7.5,2
224,3,10.8,2
224,4,14.0,2
225,1,4.0,3
225,2,7.1,3
225,3,10.7,3
225,4,13.4,3
226,1,5.0,2
226,2,9.2,2
226,3,12.5,2
226,4,13.4,2
226,5,13.4,2
227,1,6.0,2
227,2,9.0,2
227,3,13.1,2
227,4,14.2,2
227,5,14.8,2
228,1,4.0,4
228,2,7.8,4
228,3,11.1,4
228,4,12.9,4
229,1,4.0,3
229,2,7.2,3
229,3,9.8,3
229,4,12.5,3
230,1,6.0,3
230,2,8.0,3
230,3,10.8,3
230,4,13.3,3
231,1,5.0,3
231,2,8.8,3
231,3,11.8,3
231,4,13.2,3
232,1,5.0,3
232,2,8.8,3
232,3,12.8,3
232,4,13.7,3
233,1,5.0,3
233,2,8.6,3
233,3,12.2,3
233,4,14.4,3
234,1,4.0,3
234,2,7.8,3
234,3,11.9,3
234,4,13.2,3
235,1,5.0,3
235,2,9.0,3
235,3,12.6,3
235,4,13.9,3
236,1,4.0,9
236,2,8.0,9
236,3,11.8,9
236,4,13.3,9
237,1,3.0,2
237,2,6.8,2
237,3,9.7,2
237,4,12.8,2
238,1,4.0,2
238,2,7.8,2
238,3,12.9,2
238,4,13.8,2
239,1,6.0,2
239,2,9.1,2
239,3,12.8,2
239,4,14.4,2
239,5,14.0,2
240,1,5.0,2
240,2,8.8,2
240,3,12.8,2
240,4,13.7,2
240,5,14.5,2
241,1,3.0,2
241,2,6.4,2
241,3,10.9,2
241,4,12.5,2
242,1,5.0,5
242,2,7.8,5
242,3,10.8,5
242,4,12.5,5
244,1,4.0,4
244,2,6.8,4
244,3,10.5,4
244,4,12.8,4
246,1,5.0,2
246,2,7.6,2
246,3,11.5,2
246,4,13.2,2
247,1,5.0,3
247,2,7.8,3
247,3,10.8,3
247,4,13.4,3
247,5,13.5,3
248,1,4.0,2
248,2,7.5,2
248,3,11.8,2
248,4,12.7,2
248,5,13.3,2
251,1,3.0,3
251,2,8.6,3
251,3,10.9,3
251,4,13.0,3
252,1,4.0,2
252,2,8.6,2
252,3,11.2,2
252,4,13.7,2
252,5,13.7,2
253,1,3.0,2
253,2,6.8,2
253,3,11.3,2
253,4,13.3,2
254,1,4.0,3
254,2,7.6,3
254,3,11.3,3
254,4,13.3,3
255,1,5.0,2
255,2,8.4,2
255,3,10.9,2
255,4,12.7,2
255,5,13.7,2
256,1,4.0,2
256,2,7.5,2
256,3,8.6,2
256,4,12.0,2
256,5,12.7,2
258,1,5.0,2
258,2,7.9,2
258,3,11.7,2
258,4,13.8,2
259,1,4.0,2
259,2,7.5,2
259,3,9.9,2
259,4,13.3,2
260,1,5.0,2
260,2,7.5,2
260,3,12.3,2
260,4,13.2,2
260,5,13.7,2
261,1,5.0,2
261,2,8.6,2
261,3,12.1,2
261,4,13.8,2
261,5,14.2,2
262,1,5.0,2
262,2,7.2,2
262,3,11.0,2
262,4,13.7,2
263,1,4.0,2
263,2,8.5,2
263,3,11.7,2
263,4,13.0,2
264,1,5.0,2
264,2,8.2,2
264,3,11.7,2
264,4,13.7,2
265,1,4.0,2
265,2,8.1,2
265,3,10.6,2
265,4,13.3,2
265,5,13.3,2
266,1,3.0,2
266,2,8.1,2
266,3,10.0,2
266,4,11.8,2
266,5,12.6,2
267,1,4.0,2
267,2,7.2,2
267,3,11.9,2
267,4,12.5,2
268,1,3.0,2
268,2,7.6,2
268,3,10.0,2
268,4,13.8,2
269,1,6.0,2
269,2,8.2,2
269,3,12.6,2
269,4,13.8,2
270,1,4.0,3
270,2,8.6,3
270,3,10.7,3
270,4,14.0,3
271,1,3.0,3
271,2,8.4,3
271,3,10.7,3
271,4,12.7,3
278,1,2.0,3
278,2,7.5,3
278,3,9.7,3
278,4,13.3,3
282,1,3.0,3
282,2,6.6,3
282,3,10.1,3
282,4,12.5,3
282,5,12.8,3
283,1,5.0,8
283,2,7.8,8
283,3,10.7,8
283,4,13.7,8
285,1,4.0,3
285,2,7.9,3
285,3,11.8,3
285,4,13.7,3
288,1,5.0,5
288,2,7.8,5
288,3,10.7,5
288,4,13.8,5
289,1,4.0,5
289,2,6.8,5
289,3,9.4,5
289,4,11.9,5
290,1,6.0,3
290,2,8.3,3
290,3,9.7,3
290,4,10.9,3
291,1,3.0,3
291,2,6.6,3
291,3,9.4,3
291,4,12.0,3
295,1,5.0,4
295,2,7.6,4
295,3,10.7,4
295,4,13.3,4
295,5,13.7,4
296,1,5.0,4
296,2,7.6,4
296,3,10.0,4
296,4,12.4,4
296,5,12.7,4
297,1,6.0,4
297,2,6.8,4
297,3,10.5,4
297,4,11.8,4
298,1,3.0,3
298,2,7.6,3
298,3,10.9,3
298,4,12.8,3
299,1,4.0,5
299,2,6.8,5
299,3,10.8,5
299,4,13.5,5
299,5,14.2,5
301,1,4.0,3
301,2,8.0,3
301,3,10.7,3
301,4,13.7,3
301,5,14.0,3
302,1,4.0,5
302,2,7.3,5
302,3,10.9,5
302,4,12.9,5
303,1,4.0,3
303,2,8.3,3
303,3,10.8,3
303,4,13.3,3
305,1,3.0,3
305,2,7.0,3
305,3,9.6,3
305,4,11.4,3
308,1,6.0,3
308,2,7.8,3
308,3,10.8,3
308,4,13.7,3
309,1,3.0,3
309,2,7.1,3
309,3,9.3,3
309,4,12.7,3
310,1,3.0,3
310,2,7.4,3
310,3,9.9,3
310,4,11.8,3
310,5,13.2,3
311,1,4.0,3
311,2,7.3,3
311,3,8.8,3
311,4,11.0,3
312,1,3.0,5
312,2,7.3,5
312,3,9.7,5
312,4,12.5,5
312,5,13.2,5
313,1,3.0,3
313,2,7.6,3
313,3,9.8,3
313,4,13.2,3
314,1,5.0,4
314,2,7.8,4
314,3,10.8,4
314,4,13.9,4
315,1,3.0,3
315,2,7.3,3
315,3,9.9,3
315,4,13.2,3
316,1,3.0,3
316,2,7.7,3
316,3,10.7,3
316,4,12.6,3
318,1,5.0,5
318,2,7.7,5
318,3,10.7,5
318,4,13.2,5
319,1,4.0,3
319,2,8.1,3
319,3,11.3,3
319,4,14.0,3
320,1,4.0,3
320,2,8.2,3
320,3,10.9,3
320,4,12.6,3
321,1,3.0,3
321,2,7.7,3
321,3,9.8,3
321,4,12.0,3
322,1,5.0,3
322,2,7.4,3
322,3,11.3,3
322,4,12.5,3
323,1,3.0,3
323,2,6.9,3
323,3,9.7,3
323,4,11.7,3
324,1,5.0,3
324,2,9.0,3
324,3,12.2,3
324,4,14.0,3
325,1,4.0,3
325,2,8.3,3
325,3,11.0,3
325,4,13.4,3
326,1,3.0,3
326,2,7.2,3
326,3,8.6,3
326,4,13.7,3
327,1,3.0,3
327,2,7.5,3
327,3,9.8,3
327,4,13.5,3
328,1,4.0,3
328,2,7.5,3
328,3,10.7,3
328,4,13.4,3
328,5,13.3,3
329,1,4.0,3
329,2,7.6,3
329,3,9.8,3
329,4,12.5,3
330,1,3.0,3
330,2,7.2,3
330,3,9.1,3
330,4,13.2,3
331,1,4.0,4
331,2,7.5,4
331,3,9.8,4
331,4,12.4,4
337,1,4.0,3
337,2,7.7,3
337,3,10.8,3
337,4,13.3,3
339,1,4.0,3
339,2,8.4,3
339,3,12.8,3
339,4,14.0,3
341,1,3.0,3
341,2,7.6,3
341,3,10.1,3
341,4,13.2,3
342,1,4.0,3
342,2,7.4,3
342,3,10.8,3
342,4,13.4,3
343,1,5.0,3
343,2,7.6,3
343,3,9.5,3
343,4,12.5,3
344,1,5.0,3
344,2,8.0,3
344,3,11.8,3
344,4,13.4,3
345,1,4.0,3
345,2,7.6,3
345,3,11.8,3
345,4,13.7,3
346,1,4.0,3
346,2,7.1,3
346,3,10.8,3
346,4,13.7,3
347,1,4.0,3
347,2,7.3,3
347,3,11.8,3
347,4,13.7,3
348,1,6.0,5
348,2,8.6,5
348,3,12.9,5
348,4,14.5,5
349,1,5.0,4
349,2,7.6,4
349,3,11.4,4
349,4,13.7,4
351,1,5.0,4
351,2,7.8,4
351,3,10.7,4
351,4,13.2,4
352,1,6.0,4
352,2,7.3,4
352,3,10.7,4
352,4,12.7,4
353,1,5.0,4
353,2,7.6,4
353,3,9.0,4
353,4,12.5,4
359,1,4.0,6
359,2,7.5,6
359,3,10.8,6
359,4,13.2,6
360,1,5.0,6
360,2,7.3,6
360,3,9.8,6
360,4,12.9,6
362,1,4.0,4
362,2,8.3,4
362,3,10.8,4
362,4,12.9,4
363,1,6.0,5
363,2,8.6,5
363,3,11.9,5
363,4,14.5,5
364,1,6.0,5
364,2,8.1,5
364,3,11.9,5
364,4,13.8,5
364,5,13.5,5
365,1,6.0,5
365,2,8.8,5
365,3,13.3,5
365,4,14.6,5
365,5,14.7,5
366,1,6.0,4
366,2,8.4,4
366,3,12.0,4
366,4,13.7,4
367,1,5.0,4
367,2,8.6,4
367,3,10.9,4
367,4,13.4,4
367,5,14.5,4
374,1,5.0,4
374,2,8.3,4
374,3,11.8,4
374,4,13.4,4
375,1,6.0,4
375,2,7.5,4
375,3,11.2,4
375,4,12.7,4
376,1,5.0,5
376,2,8.3,5
376,3,11.1,5
376,4,13.7,5
378,1,4.0,4
378,2,7.8,4
378,3,11.2,4
378,4,13.2,4
378,5,13.7,4
379,1,5.0,4
379,2,9.4,4
379,3,12.9,4
379,4,14.3,4
380,1,5.0,5
380,2,7.8,5
380,3,11.7,5
380,4,13.7,5
381,1,6.0,4
381,2,8.8,4
381,3,12.7,4
381,4,14.0,4
382,1,6.0,4
382,2,7.3,4
382,3,10.8,4
382,4,13.3,4
383,1,6.0,4
383,2,8.2,4
383,3,10.7,4
383,4,12.5,4
384,1,5.0,4
384,2,8.8,4
384,3,11.9,4
384,4,14.5,4
385,1,5.0,4
385,2,8.3,4
385,3,13.0,4
385,4,14.6,4
386,1,4.0,4
386,2,7.8,4
386,3,11.2,4
386,4,13.8,4
387,1,5.0,4
387,2,8.6,4
387,3,11.9,4
387,4,14.5,4
388,1,5.0,4
388,2,8.6,4
388,3,13.3,4
388,4,14.2,4
389,1,6.0,4
389,2,8.3,4
389,3,11.9,4
389,4,13.9,4
389,5,14.2,4
390,1,6.0,4
390,2,8.8,4
390,3,12.8,4
390,4,14.0,4
399,1,3.0,4
399,2,8.1,4
399,3,10.1,4
399,4,12.7,4
400,1,4.0,5
400,2,8.6,5
400,3,10.9,5
400,4,13.9,5
401,1,5.0,5
401,2,7.8,5
401,3,9.9,5
401,4,13.7,5
403,1,5.0,5
403,2,7.2,5
403,3,10.4,5
403,4,12.9,5
404,1,5.0,5
404,2,6.8,5
404,3,9.7,5
404,4,13.0,5
411,1,6.0,6
411,2,8.8,6
411,3,11.8,6
411,4,13.9,6
412,1,4.0,6
412,2,7.5,6
412,3,9.9,6
412,4,12.7,6
413,1,6.0,5
413,2,7.4,5
413,3,11.5,5
413,4,13.4,5
414,1,5.0,5
414,2,7.1,5
414,3,10.0,5
414,4,12.7,5
414,5,12.7,5
417,1,4.0,5
417,2,7.5,5
417,3,9.7,5
417,4,13.4,5
418,1,6.0,5
418,2,8.0,5
418,3,9.9,5
418,4,12.9,5
419,1,3.0,5
419,2,8.0,5
419,3,10.7,5
419,4,13.3,5
420,1,4.0,5
420,2,8.0,5
420,3,11.0,5
420,4,13.4,5
421,1,6.0,5
421,2,8.8,5
421,3,12.7,5
421,4,14.3,5
422,1,5.0,5
422,2,8.7,5
422,3,11.7,5
422,4,13.8,5
424,1,5.0,6
424,2,7.0,6
424,3,11.0,6
424,4,13.3,6
425,1,6.0,6
425,2,8.3,6
425,3,9.9,6
425,4,13.3,6
426,1,6.0,6
426,2,7.2,6
426,3,11.0,6
426,4,13.4,6
427,1,6.0,6
427,2,8.2,6
427,3,10.8,6
427,4,13.9,6
431,1,6.0,7
431,2,9.5,7
431,3,13.0,7
431,4,14.4,7
432,1,6.0,9
432,2,9.3,9
432,3,12.7,9
432,4,14.0,9
434,1,4.0,6
434,2,6.6,6
434,3,9.9,6
434,4,12.8,6
435,1,4.0,6
435,2,7.3,6
435,3,10.4,6
435,4,12.5,6
437,1,4.0,5
437,2,7.6,5
437,3,10.4,5
437,4,12.6,5
438,1,3.0,5
438,2,7.0,5
438,3,10.8,5
438,4,13.4,5
439,1,6.0,5
439,2,8.3,5
439,3,11.9,5
439,4,13.9,5
446,1,7.0,6
446,2,7.8,6
446,3,11.9,6
446,4,13.9,6
447,1,5.0,6
447,2,8.3,6
447,3,10.6,6
447,4,13.4,6
448,1,5.0,6
448,2,7.6,6
448,3,9.9,6
448,4,13.5,6
451,1,5.0,6
451,2,8.7,6
451,3,11.7,6
451,4,13.8,6
453,1,2.0,6
453,2,7.0,6
453,3,11.9,6
453,4,13.3,6
454,1,6.0,6
454,2,8.6,6
454,3,11.8,6
454,4,13.7,6
455,1,4.0,6
455,2,7.8,6
455,3,10.7,6
455,4,12.4,6
456,1,7.0,6
456,2,10.5,6
456,3,13.2,6
456,4,14.8,6
457,1,4.0,6
457,2,7.8,6
457,3,10.9,6
457,4,12.7,6
458,1,3.0,6
458,2,7.0,6
458,3,9.9,6
458,4,11.4,6
459,1,5.0,6
459,2,8.6,6
459,3,10.8,6
459,4,13.3,6
460,1,5.0,6
460,2,8.8,6
460,3,11.8,6
460,4,13.9,6
461,1,5.0,7
461,2,8.6,7
461,3,10.1,7
461,4,13.7,7
462,1,6.0,6
462,2,8.8,6
462,3,11.8,6
462,4,14.4,6
463,1,5.0,6
463,2,8.6,6
463,3,11.6,6
463,4,13.6,6
463,5,14.0,6
464,1,6.0,6
464,2,8.8,6
464,3,12.7,6
464,4,13.8,6
464,5,14.4,6
465,1,4.0,6
465,2,8.3,6
465,3,10.7,6
465,4,13.8,6
466,1,6.0,6
466,2,7.6,6
466,3,10.6,6
466,4,13.3,6
467,1,5.0,7
467,2,8.5,7
467,3,10.9,7
467,4,13.9,7
468,1,5.0,6
468,2,7.3,6
468,3,10.1,6
468,4,12.5,6
471,1,4.0,6
471,2,7.8,6
471,3,10.8,6
471,4,13.3,6
472,1,5.0,6
472,2,7.2,6
472,3,10.9,6
472,4,13.5,6
472,5,14.0,6
480,1,5.0,6
480,2,7.6,6
480,3,10.1,6
480,4,13.2,6
482,1,4.0,6
482,2,7.8,6
482,3,11.8,6
482,4,13.7,6
483,1,5.0,6
483,2,8.0,6
483,3,10.7,6
483,4,12.6,6
488,1,5.0,8
488,2,9.6,8
488,3,13.2,8
488,4,14.0,8
490,1,6.0,7
490,2,8.6,7
490,3,10.8,7
490,4,13.8,7
492,1,6.0,7
492,2,8.8,7
492,3,12.9,7
492,4,14.0,7
493,1,5.0,8
493,2,7.8,8
493,3,12.8,8
493,4,13.4,8
494,1,7.0,7
494,2,9.3,7
494,3,12.9,7
494,4,14.5,7
495,1,6.0,7
495,2,9.1,7
495,3,13.2,7
495,4,13.9,7
496,1,7.7,7
496,2,9.8,7
496,3,13.6,7
496,4,14.7,7
496,5,14.5,7
497,1,4.0,7
497,2,7.8,7
497,3,10.1,7
497,4,13.0,7
506,1,6.0,7
506,2,8.1,7
506,3,11.5,7
506,4,13.3,7
507,1,5.0,7
507,2,7.8,7
507,3,10.8,7
507,4,12.9,7
508,1,4.0,7
508,2,7.1,7
508,3,10.0,7
508,4,11.8,7
511,1,6.0,7
511,2,8.1,7
511,3,10.1,7
511,4,13.4,7
512,1,5.0,8
512,2,7.6,8
512,3,10.8,8
512,4,12.7,8
513,1,3.0,8
513,2,8.3,8
513,3,10.4,8
513,4,11.9,8
513,5,12.7,8
514,1,4.0,9
514,2,7.8,9
514,3,11.1,9
514,4,13.0,9
517,1,5.0,7
517,2,7.5,7
517,3,9.4,7
517,4,10.8,7
518,1,6.0,7
518,2,7.9,7
518,3,10.1,7
518,4,13.3,7
520,1,6.0,7
520,2,8.1,7
520,3,10.8,7
520,4,13.7,7
521,1,4.0,7
521,2,7.6,7
521,3,11.3,7
521,4,13.5,7
524,1,4.0,7
524,2,6.8,7
524,3,10.6,7
524,4,12.8,7
526,1,5.0,7
526,2,7.5,7
526,3,11.7,7
526,4,13.3,7
527,1,6.0,7
527,2,8.3,7
527,3,10.8,7
527,4,13.4,7
528,1,4.0,7
528,2,7.6,7
528,3,9.9,7
528,4,13.1,7
529,1,4.0,7
529,2,8.2,7
529,3,10.8,7
529,4,13.2,7
530,1,6.0,7
530,2,8.8,7
530,3,11.7,7
530,4,13.8,7
531,1,7.7,7
531,2,9.3,7
531,3,12.4,7
531,4,14.6,7
532,1,4.0,7
532,2,7.1,7
532,3,10.7,7
532,4,12.4,7
532,5,12.9,7
533,1,5.0,7
533,2,7.6,7
533,3,10.8,7
533,4,13.0,7
534,1,6.0,7
534,2,8.5,7
534,3,12.0,7
534,4,14.0,7
535,1,4.0,8
535,2,7.6,8
535,3,9.8,8
535,4,12.5,8
536,1,4.0,7
536,2,7.3,7
536,3,10.0,7
536,4,13.2,7
537,1,6.0,7
537,2,7.3,7
537,3,11.0,7
537,4,13.4,7
538,1,5.0,7
538,2,7.8,7
538,3,10.7,7
538,4,13.3,7
539,1,5.0,7
539,2,7.6,7
539,3,11.3,7
539,4,13.7,7
540,1,4.0,10
540,2,7.5,10
540,3,10.2,10
540,4,12.5,10
541,1,2.0,9
541,2,6.6,9
541,3,9.7,9
541,4,12.8,9
542,1,6.0,7
542,2,8.8,7
542,3,12.8,7
542,4,14.0,7
543,1,5.0,7
543,2,7.6,7
543,3,10.9,7
543,4,12.7,7
546,1,3.0,8
546,2,6.9,8
546,3,9.5,8
546,4,12.6,8
547,1,6.0,8
547,2,7.5,8
547,3,9.9,8
547,4,13.4,8
548,1,5.0,8
548,2,8.4,8
548,3,11.0,8
548,4,13.8,8
552,1,5.0,8
552,2,8.5,8
552,3,10.9,8
552,4,13.2,8
553,1,6.0,8
553,2,8.0,8
553,3,11.0,8
553,4,13.3,8
555,1,6.0,8
555,2,8.1,8
555,3,11.7,8
555,4,13.4,8
556,1,6.0,8
556,2,9.3,8
556,3,13.1,8
556,4,14.0,8
557,1,5.0,8
557,2,8.0,8
557,3,11.8,8
557,4,13.8,8
558,1,6.0,8
558,2,7.8,8
558,3,11.6,8
558,4,13.7,8
559,1,6.0,8
559,2,8.1,8
559,3,10.8,8
559,4,13.7,8
561,1,6.0,8
561,2,8.6,8
561,3,11.5,8
561,4,13.7,8
564,1,5.0,12
564,2,8.2,12
564,3,10.7,12
564,4,12.9,12
565,1,5.0,8
565,2,7.3,8
565,3,11.0,8
565,4,13.3,8
566,1,6.0,8
566,2,9.7,8
566,3,13.3,8
566,4,13.9,8
567,1,6.0,8
567,2,9.3,8
567,3,12.9,8
567,4,14.2,8
568,1,4.0,8
568,2,8.5,8
568,3,11.7,8
568,4,14.0,8
571,1,6.0,8
571,2,9.8,8
571,3,13.0,8
571,4,14.8,8
572,1,5.0,8
572,2,8.6,8
572,3,12.7,8
572,4,14.0,8
573,1,3.0,8
573,2,8.6,8
573,3,12.5,8
573,4,13.9,8
574,1,5.0,8
574,2,7.8,8
574,3,11.9,8
574,4,13.7,8
578,1,5.0,8
578,2,8.7,8
578,3,11.7,8
578,4,13.2,8
579,1,4.0,8
579,2,7.0,8
579,3,9.9,8
579,4,12.5,8
580,1,4.0,8
580,2,8.5,8
580,3,11.8,8
580,4,13.7,8
581,1,6.0,8
581,2,9.3,8
581,3,13.0,8
581,4,14.5,8
582,1,4.0,8
582,2,6.8,8
582,3,11.2,8
582,4,13.3,8
583,1,3.0,8
583,2,7.8,8
583,3,11.6,8
583,4,12.7,8
584,1,5.0,8
584,2,8.3,8
584,3,11.2,8
584,4,13.3,8
585,1,5.0,8
585,2,8.2,8
585,3,11.7,8
585,4,13.4,8
586,1,6.0,10
586,2,7.3,10
586,3,10.6,10
586,4,12.5,10
587,1,5.0,9
587,2,8.2,9
587,3,11.7,9
587,4,13.4,9
589,1,5.0,8
589,2,9.5,8
589,3,12.9,8
589,4,14.2,8
589,5,14.1,8
592,1,5.0,8
592,2,8.3,8
592,3,12.2,8
592,4,13.9,8
593,1,5.0,8
593,2,8.0,8
593,3,12.7,8
593,4,14.2,8
598,1,6.0,8
598,2,8.3,8
598,3,10.8,8
598,4,13.7,8
599,1,5.0,8
599,2,7.2,8
599,3,9.9,8
599,4,12.0,8
601,1,6.0,8
601,2,8.1,8
601,3,10.1,8
601,4,12.7,8
602,1,6.0,8
602,2,8.2,8
602,3,11.3,8
602,4,13.4,8
603,1,5.0,8
603,2,7.8,8
603,3,11.0,8
603,4,12.7,8
606,1,7.0,8
606,2,8.9,8
606,3,13.3,8
606,4,14.0,8
610,1,5.0,9
610,2,8.2,9
610,3,11.3,9
610,4,13.7,9
611,1,5.0,9
611,2,7.6,9
611,3,10.6,9
611,4,12.9,9
612,1,5.0,9
612,2,8.5,9
612,3,12.3,9
612,4,14.0,9
613,1,4.0,9
613,2,7.6,9
613,3,11.7,9
613,4,13.3,9
614,1,6.0,9
614,2,8.5,9
614,3,11.5,9
614,4,13.7,9
617,1,5.0,9
617,2,7.8,9
617,3,11.7,9
617,4,12.9,9
618,1,4.0,9
618,2,7.3,9
618,3,9.9,9
618,4,11.9,9
621,1,4.0,9
621,2,7.6,9
621,3,12.1,9
621,4,13.3,9
622,1,5.0,9
622,2,7.5,9
622,3,11.6,9
622,4,13.4,9
624,1,4.0,9
624,2,8.3,9
624,3,11.3,9
624,4,13.4,9
625,1,6.0,9
625,2,9.3,9
625,3,12.8,9
625,4,14.0,9
626,1,6.0,9
626,2,8.6,9
626,3,11.4,9
626,4,13.5,9
627,1,5.0,9
627,2,7.8,9
627,3,11.0,9
627,4,13.4,9
628,1,6.0,9
628,2,8.0,9
628,3,11.7,9
628,4,13.7,9
629,1,6.0,9
629,2,8.3,9
629,3,11.5,9
629,4,13.4,9
629,5,13.8,9
630,1,5.0,9
630,2,8.6,9
630,3,11.8,9
630,4,13.4,9
631,1,6.0,9
631,2,8.8,9
631,3,11.9,9
631,4,14.0,9
632,1,6.0,9
632,2,8.6,9
632,3,12.9,9
632,4,14.0,9
634,1,4.0,9
634,2,7.8,9
634,3,9.8,9
634,4,12.5,9
636,1,4.0,9
636,2,7.5,9
636,3,10.7,9
636,4,13.3,9
637,1,5.0,9
637,2,6.8,9
637,3,10.8,9
637,4,12.7,9
639,1,4.0,9
639,2,7.6,9
639,3,10.2,9
639,4,12.5,9
640,1,4.0,9
640,2,7.3,9
640,3,10.5,9
640,4,13.3,9
641,1,7.0,9
641,2,9.3,9
641,3,12.9,9
641,4,14.2,9
642,1,5.0,10
642,2,9.0,10
642,3,12.9,10
642,4,13.9,10
643,1,5.0,10
643,2,10.3,10
643,3,13.0,10
643,4,14.8,10
647,1,4.0,9
647,2,8.0,9
647,3,10.0,9
647,4,12.8,9
648,1,5.0,9
648,2,8.3,9
648,3,11.8,9
648,4,13.3,9
649,1,7.0,9
649,2,9.5,9
649,3,12.6,9
649,4,13.7,9
650,1,4.0,11
650,2,7.8,11
650,3,10.9,11
650,4,12.8,11
654,1,5.0,9
654,2,7.0,9
654,3,10.2,9
654,4,13.4,9
655,1,5.0,9
655,2,7.8,9
655,3,9.8,9
655,4,12.8,9
657,1,4.0,9
657,2,8.0,9
657,3,10.6,9
657,4,13.7,9
658,1,5.0,9
658,2,9.0,9
658,3,13.2,9
658,4,14.0,9
664,1,7.0,9
664,2,9.0,9
664,3,13.1,9
664,4,14.4,9
665,1,5.0,9
665,2,7.8,9
665,3,10.8,9
665,4,13.4,9
666,1,5.0,9
666,2,8.6,9
666,3,11.9,9
666,4,13.9,9
670,1,5.0,10
670,2,7.6,10
670,3,11.9,10
670,4,13.7,10
672,1,5.0,10
672,2,7.3,10
672,3,12.5,10
672,4,13.8,10
673,1,5.0,10
673,2,8.0,10
673,3,11.8,10
673,4,13.5,10
674,1,3.0,10
674,2,8.3,10
674,3,10.6,10
674,4,13.3,10
680,1,6.0,10
680,2,7.8,10
680,3,11.8,10
680,4,13.8,10
681,1,4.0,10
681,2,8.6,10
681,3,12.4,10
681,4,13.6,10
682,1,6.0,10
682,2,8.6,10
682,3,11.9,10
682,4,13.8,10
683,1,3.0,10
683,2,7.0,10
683,3,10.2,10
683,4,13.0,10
684,1,5.0,10
684,2,8.1,10
684,3,12.7,10
684,4,14.0,10
687,1,5.0,10
687,2,7.2,10
687,3,10.9,10
687,4,13.2,10
688,1,7.0,10
688,2,9.5,10
688,3,13.0,10
688,4,14.1,10
689,1,5.0,10
689,2,9.0,10
689,3,13.3,10
689,4,14.5,10
690,1,6.0,10
690,2,8.0,10
690,3,11.6,10
690,4,13.3,10
691,1,6.0,10
691,2,7.3,10
691,3,10.8,10
691,4,12.7,10
692,1,5.0,10
692,2,7.5,10
692,3,10.6,10
692,4,13.4,10
693,1,6.0,10
693,2,7.0,10
693,3,10.4,10
693,4,13.1,10
694,1,4.0,10
694,2,8.5,10
694,3,11.8,10
694,4,13.4,10
695,1,6.0,10
695,2,7.8,10
695,3,11.4,10
695,4,13.1,10
696,1,5.0,10
696,2,7.6,10
696,3,11.2,10
696,4,13.4,10
699,1,5.0,10
699,2,7.6,10
699,3,11.8,10
699,4,12.8,10
700,1,6.0,10
700,2,8.6,10
700,3,11.7,10
700,4,13.7,10
701,1,5.0,10
701,2,8.6,10
701,3,12.1,10
701,4,13.8,10
702,1,6.0,10
702,2,7.8,10
702,3,10.8,10
702,4,12.6,10
704,1,4.0,10
704,2,8.5,10
704,3,11.8,10
704,4,13.3,10
704,5,13.4,10
705,1,5.0,10
705,2,9.3,10
705,3,12.5,10
705,4,13.8,10
706,1,5.0,10
706,2,7.0,10
706,3,9.8,10
706,4,12.8,10
707,1,5.0,10
707,2,7.3,10
707,3,10.0,10
707,4,12.6,10
708,1,5.0,10
708,2,7.3,10
708,3,10.7,10
708,4,12.6,10
709,1,5.0,10
709,2,8.0,10
709,3,12.7,10
709,4,13.3,10
710,1,5.0,10
710,2,8.0,10
710,3,10.9,10
710,4,13.7,10
711,1,5.0,10
711,2,8.5,10
711,3,12.6,10
711,4,13.8,10
712,1,5.0,10
712,2,7.0,10
712,3,10.8,10
712,4,12.7,10
713,1,4.0,10
713,2,8.6,10
713,3,11.8,10
713,4,12.9,10
717,1,6.0,12
717,2,8.5,12
717,3,11.8,12
717,4,13.2,12
719,1,6.0,10
719,2,9.6,10
719,3,12.7,10
719,4,14.3,10
720,1,5.0,10
720,2,7.8,10
720,3,11.7,10
720,4,13.4,10
721,1,5.0,10
721,2,8.5,10
721,3,11.6,10
721,4,13.2,10
722,1,4.0,10
722,2,7.3,10
722,3,9.3,10
722,4,12.1,10
723,1,5.0,10
723,2,8.6,10
723,3,11.8,10
723,4,13.4,10
725,1,2.0,10
725,2,7.6,10
725,3,10.7,10
725,4,13.3,10
726,1,3.0,10
726,2,7.5,10
726,3,11.1,10
726,4,13.3,10
731,1,3.0,11
731,2,7.0,11
731,3,9.8,11
731,4,11.4,11
731,5,13.2,11
732,1,5.0,11
732,2,7.3,11
732,3,10.8,11
732,4,12.8,11
733,1,5.0,11
733,2,8.5,11
733,3,11.4,11
733,4,13.0,11
734,1,6.0,11
734,2,7.8,11
734,3,13.0,11
734,4,13.9,11
735,1,6.0,11
735,2,7.6,11
735,3,10.6,11
735,4,12.8,11
736,1,6.0,11
736,2,9.6,11
736,3,12.8,11
736,4,14.3,11
737,1,4.0,11
737,2,8.0,11
737,3,10.6,11
737,4,13.4,11
738,1,5.0,11
738,2,8.7,11
738,3,11.8,11
738,4,13.4,11
739,1,6.0,11
739,2,8.5,11
739,3,11.3,11
739,4,13.7,11
740,1,6.0,11
740,2,8.6,11
740,3,11.9,11
740,4,13.9,11
741,1,6.0,11
741,2,8.0,11
741,3,11.5,11
741,4,12.3,11
741,5,13.7,11
742,1,4.0,11
742,2,7.3,11
742,3,10.5,11
742,4,12.5,11
745,1,6.0,11
745,2,8.6,11
745,3,12.5,11
745,4,14.0,11
746,1,7.0,11
746,2,9.3,11
746,3,12.9,11
746,4,14.8,11
750,1,7.0,11
750,2,8.8,11
750,3,12.4,11
750,4,14.4,11
752,1,4.0,12
752,2,7.0,12
752,3,10.3,12
752,4,12.5,12
753,1,3.0,11
753,2,7.3,11
753,3,11.1,11
753,4,13.7,11
756,1,4.0,11
756,2,7.8,11
756,3,11.8,11
756,4,12.5,11
756,5,13.7,11
757,1,5.0,11
757,2,8.8,11
757,3,12.9,11
757,4,14.3,11
758,1,5.0,11
758,2,8.2,11
758,3,10.8,11
758,4,12.6,11
759,1,6.0,11
759,2,8.6,11
759,3,11.6,11
759,4,12.5,11
759,5,13.3,11
760,1,7.0,11
760,2,9.3,11
760,3,12.7,11
760,4,14.1,11
762,1,4.0,11
762,2,8.3,11
762,3,11.2,11
762,4,13.4,11
763,1,6.0,11
763,2,8.0,11
763,3,10.8,11
763,4,11.8,11
763,5,13.2,11
764,1,4.0,11
764,2,7.6,11
764,3,10.3,11
764,4,13.4,11
765,1,5.0,11
765,2,7.6,11
765,3,10.0,11
765,4,12.5,11
766,1,5.0,11
766,2,8.0,11
766,3,11.4,11
766,4,13.9,11
767,1,6.0,11
767,2,8.6,11
767,3,11.0,11
767,4,13.7,11
768,1,5.0,11
768,2,7.8,11
768,3,10.7,11
768,4,12.6,11
769,1,6.0,11
769,2,7.8,11
769,3,11.1,11
769,4,13.7,11
770,1,5.0,11
770,2,8.2,11
770,3,10.8,11
770,4,13.3,11
771,1,7.0,11
771,2,9.1,11
771,3,12.7,11
771,4,13.9,11
772,1,7.0,11
772,2,9.5,11
772,3,12.8,11
772,4,14.0,11
773,1,6.0,11
773,2,8.8,11
773,3,12.8,11
773,4,14.8,11
775,1,4.0,11
775,2,7.6,11
775,3,10.5,11
775,4,13.3,11
776,1,4.0,11
776,2,7.0,11
776,3,9.4,11
776,4,13.7,11
777,1,6.0,11
777,2,8.8,11
777,3,12.7,11
777,4,14.3,11
777,5,13.8,11
778,1,4.0,11
778,2,7.6,11
778,3,9.8,11
778,4,12.7,11
779,1,7.0,11
779,2,9.6,11
779,3,13.3,11
779,4,14.8,11
781,1,4.0,11
781,2,7.6,11
781,3,10.7,11
781,4,13.3,11
782,1,5.0,11
782,2,7.5,11
782,3,11.3,11
782,4,12.8,11
786,1,6.0,11
786,2,8.6,11
786,3,12.7,11
786,4,13.8,11
789,1,5.0,12
789,2,7.8,12
789,3,10.6,12
789,4,13.0,12
791,1,5.0,12
791,2,7.6,12
791,3,10.6,12
791,4,12.6,12
792,1,5.0,12
792,2,8.2,12
792,3,11.1,12
792,4,11.8,12
792,5,13.2,12
793,1,4.0,12
793,2,8.0,12
793,3,10.9,12
793,4,11.8,12
793,5,13.3,12
794,1,4.0,12
794,2,7.3,12
794,3,10.8,12
794,4,13.2,12
796,1,6.0,12
796,2,9.5,12
796,3,12.9,12
796,4,14.4,12
797,1,6.0,12
797,2,9.3,12
797,3,12.9,12
797,4,14.2,12
798,1,7.0,12
798,2,9.6,12
798,3,12.6,12
798,4,13.9,12
799,1,7.0,12
799,2,10.7,12
799,3,13.0,12
799,4,14.8,12
799,5,14.9,12
800,1,4.0,12
800,2,7.8,12
800,3,11.9,12
800,4,13.5,12
802,1,4.0,12
802,2,6.6,12
802,3,9.8,12
802,4,13.3,12
803,1,7.0,12
803,2,9.7,12
803,3,12.9,12
803,4,14.0,12
803,5,14.9,12
806,1,5.0,12
806,2,8.3,12
806,3,11.0,12
806,4,11.9,12
806,5,12.7,12
809,1,5.0,12
809,2,7.8,12
809,3,11.1,12
809,4,12.0,12
809,5,13.3,12
812,1,7.0,12
812,2,9.6,12
812,3,12.9,12
812,4,14.4,12
812,5,14.8,12
815,1,4.0,12
815,2,7.8,12
815,3,11.9,12
815,4,13.3,12
816,1,5.0,12
816,2,8.3,12
816,3,10.8,12
816,4,11.8,12
816,5,13.3,12
817,1,5.0,12
817,2,8.3,12
817,3,11.8,12
817,4,13.4,12
818,1,6.0,12
818,2,8.6,12
818,3,11.5,12
818,4,12.5,12
818,5,13.4,12
819,1,4.0,12
819,2,7.6,12
819,3,10.7,12
819,4,13.4,12
820,1,7.0,12
820,2,9.5,12
820,3,12.7,12
820,4,14.0,12
820,5,14.5,12
821,1,4.0,12
821,2,7.8,12
821,3,11.4,12
821,4,13.7,12
822,1,3.0,12
822,2,7.3,12
822,3,10.9,12
822,4,12.7,12
823,1,7.0,12
823,2,9.2,12
823,3,12.3,12
823,4,13.8,12
825,1,7.0,12
825,2,9.3,12
825,3,12.8,12
825,4,14.6,12
825,5,14.8,12
829,1,5.0,12
829,2,8.6,12
829,3,11.8,12
829,4,13.4,12
830,1,4.0,12
830,2,7.6,12
830,3,11.7,12
830,4,12.0,12
830,5,13.8,12
832,1,4.0,12
832,2,7.6,12
832,3,10.0,12
832,4,12.7,12
833,1,5.0,12
833,2,10.5,12
833,3,13.4,12
833,4,14.8,12
833,5,14.9,12
834,1,7.7,12
834,2,11.5,12
834,3,13.9,12
834,4,14.9,12
834,5,15.0,12
835,1,4.0,12
835,2,8.6,12
835,3,10.2,12
835,4,13.4,12
836,1,4.0,12
836,2,9.0,12
836,3,12.9,12
836,4,13.9,12
837,1,4.0,12
837,2,8.5,12
837,3,12.4,12
837,4,13.7,12
838,1,4.0,12
838,2,7.8,12
838,3,11.5,12
838,4,12.1,12
838,5,13.7,12
839,1,4.0,12
839,2,8.3,12
839,3,11.8,12
839,4,13.8,12
840,1,5.0,12
840,2,8.6,12
840,3,12.3,12
840,4,13.9,12
841,1,4.0,12
841,2,8.5,12
841,3,12.4,12
841,4,13.8,12
842,1,4.0,12
842,2,8.3,12
842,3,10.3,12
842,4,12.5,12
844,1,5.0,12
844,2,9.3,12
844,3,12.8,12
844,4,14.7,12
848,1,5.0,12
848,2,8.8,12
848,3,12.4,12
848,4,14.0,12
849,1,7.0,12
849,2,9.3,12
849,3,13.2,12
849,4,13.7,12
850,1,6.0,12
850,2,8.8,12
850,3,12.6,12
850,4,14.2,12
852,1,7.0,12
852,2,10.3,12
852,3,13.1,12
852,4,14.6,12
853,1,4.0,9
853,2,7.0,9
853,3,9.0,9
853,4,12.9,9
1020,1,4.0,17
1020,2,7.8,17
1020,3,11.0,17
1020,4,13.8,17
1051,1,4.0,17
1051,2,8.0,17
1051,3,12.0,17
1051,4,14.2,17
1081,1,4.0,19
1081,2,7.0,19
1081,3,11.0,19
1081,4,13.2,19
1085,1,6.0,19
1085,2,8.8,19
1085,3,12.5,19
1085,4,14.3,19
1235,1,6.0,19
1235,2,8.2,19
1235,3,12.9,19
1235,4,14.5,19
10070,1,5.0,19
10070,2,7.8,19
10070,3,10.8,19
10070,4,14.7,19
10145,1,4.0,19
10145,2,7.5,19
10145,3,11.9,19
10145,4,13.1,19
10146,1,3.0,13
10146,2,7.2,13
10146,3,9.3,13
10146,4,12.8,13
10188,1,3.0,15
10188,2,7.2,15
10188,3,10.0,15
10188,4,12.8,15
10190,1,3.0,19
10190,2,6.5,19
10190,3,10.2,19
10190,4,13.1,19
10191,1,4.0,13
10191,2,6.0,13
10191,3,11.3,13
10191,4,12.9,13
10193,1,2.0,19
10193,2,7.8,19
10193,3,10.8,19
10193,4,13.4,19
10202,1,5.0,19
10202,2,7.0,19
10202,3,9.5,19
10202,4,13.5,19
10204,1,5.0,21
10204,2,7.7,21
10204,3,11.8,21
10204,4,13.5,21
10235,1,4.0,19
10235,2,7.7,19
10235,3,12.5,19
10235,4,14.0,19
10256,1,2.0,13
10256,2,6.0,13
10256,3,8.2,13
10256,4,11.2,13
10288,1,4.0,13
10288,2,7.8,13
10288,3,9.4,13
10288,4,13.7,13
10301,1,3.0,13
10301,2,7.7,13
10301,3,11.0,13
10301,4,13.5,13
10302,1,3.0,19
10302,2,6.5,19
10302,3,10.2,19
10302,4,13.4,19
10315,1,2.0,21
10315,2,6.5,21
10315,3,9.5,21
10315,4,13.0,21
10316,1,3.0,19
10316,2,7.0,19
10316,3,9.7,19
10316,4,12.9,19
10319,1,4.0,13
10319,2,7.8,13
10319,3,10.4,13
10319,4,13.6,13
10363,1,4.0,13
10363,2,8.7,13
10363,3,11.4,13
10363,4,13.7,13
10404,1,2.0,19
10404,2,7.2,19
10404,3,10.5,19
10404,4,13.4,19
10420,1,4.0,13
10420,2,7.7,13
10420,3,10.8,13
10420,4,12.6,13
10536,1,2.0,13
10536,2,6.8,13
10536,3,9.4,13
10536,4,12.6,13
10552,1,3.0,17
10552,2,7.8,17
10552,3,9.8,17
10552,4,12.9,17
10572,1,3.0,13
10572,2,7.0,13
10572,3,11.2,13
10572,4,13.6,13
10593,1,3.0,13
10593,2,8.2,13
10593,3,11.4,13
10593,4,13.5,13
10602,1,3.0,17
10602,2,7.8,17
10602,3,10.8,17
10602,4,13.9,17
10625,1,5.0,19
10625,2,8.0,19
10625,3,11.9,19
10625,4,13.8,19
10641,1,4.0,13
10641,2,8.5,13
10641,3,11.4,13
10641,4,13.5,13
10665,1,3.0,13
10665,2,7.0,13
10665,3,9.4,13
10665,4,12.8,13
10690,1,3.0,15
10690,2,7.5,15
10690,3,9.2,15
10690,4,12.7,15
10702,1,3.0,13
10702,2,7.5,13
10702,3,9.8,13
10702,4,11.9,13
10706,1,3.0,13
10706,2,6.0,13
10706,3,9.2,13
10706,4,11.2,13
10734,1,4.0,13
10734,2,8.0,13
10734,3,11.4,13
10734,4,13.5,13
11001,1,2.0,13
11001,2,6.5,13
11001,3,9.7,13
11001,4,12.2,13
11002,1,2.0,13
11002,2,7.0,13
11002,3,10.8,13
11002,4,12.9,13
11002,5,13.7,13
11003,1,4.0,13
11003,2,7.7,13
11003,3,10.3,13
11003,4,12.7,13
11004,1,5.0,13
11004,2,7.8,13
11004,3,11.4,13
11004,4,13.8,13
11004,5,14.2,13
11005,1,4.0,13
11005,2,8.0,13
11005,3,10.8,13
11005,4,13.5,13
11005,5,14.4,13
11006,1,2.0,13
11006,2,7.0,13
11006,3,10.5,13
11006,4,13.2,13
11007,1,3.0,13
11007,2,7.0,13
11007,3,10.3,13
11007,4,12.7,13
11007,5,13.8,13
11008,1,2.0,13
11008,2,6.8,13
11008,3,9.3,13
11008,4,12.6,13
11009,1,3.0,13
11009,2,6.8,13
11009,3,9.5,13
11009,4,12.4,13
11009,5,13.3,13
11010,1,2.0,13
11010,2,6.2,13
11010,3,9.1,13
11010,4,11.8,13
11010,5,12.3,13
11014,1,4.0,13
11014,2,7.8,13
11014,3,10.2,13
11014,4,12.9,13
11015,1,5.0,13
11015,2,7.8,13
11015,3,11.4,13
11015,4,12.8,13
11015,5,14.0,13
11016,1,4.0,13
11016,2,7.8,13
11016,3,11.4,13
11016,4,13.4,13
11017,1,4.0,13
11017,2,7.2,13
11017,3,10.8,13
11017,4,12.9,13
11018,1,5.0,13
11018,2,7.5,13
11018,3,10.5,13
11018,4,13.5,13
11018,5,14.0,13
11019,1,4.0,13
11019,2,7.8,13
11019,3,10.5,13
11019,4,12.9,13
11020,1,5.0,13
11020,2,8.2,13
11020,3,11.5,13
11020,4,13.4,13
11021,1,5.0,13
11021,2,8.5,13
11021,3,11.1,13
11021,4,13.7,13
11022,1,4.0,13
11022,2,8.7,13
11022,3,11.2,13
11022,4,13.7,13
11023,1,5.0,13
11023,2,9.0,13
11023,3,11.9,13
11023,4,13.8,13
11023,5,14.3,13
11024,1,5.0,13
11024,2,7.0,13
11024,3,10.2,13
11024,4,11.9,13
11025,1,5.0,13
11025,2,7.8,13
11025,3,10.5,13
11025,4,13.8,13
11026,1,6.0,13
11026,2,8.5,13
11026,3,12.6,13
11026,4,14.7,13
11027,1,7.0,13
11027,2,8.5,13
11027,3,12.5,13
11027,4,14.5,13
11028,1,5.0,13
11028,2,8.0,13
11028,3,13.3,13
11028,4,13.9,13
11029,1,6.0,13
11029,2,8.0,13
11029,3,12.5,13
11029,4,14.6,13
11030,1,4.0,13
11030,2,7.5,13
11030,3,11.2,13
11030,4,13.4,13
11031,1,4.0,13
11031,2,7.8,13
11031,3,11.4,13
11031,4,13.9,13
11032,1,4.0,15
11032,2,8.5,15
11032,3,11.9,15
11032,4,13.6,15
11034,1,3.0,13
11034,2,7.0,13
11034,3,9.5,13
11034,4,12.4,13
11037,1,3.0,13
11037,2,6.0,13
11037,3,9.4,13
11037,4,11.9,13
11043,1,3.0,13
11043,2,6.0,13
11043,3,8.8,13
11043,4,11.9,13
11044,1,2.0,13
11044,2,6.5,13
11044,3,8.7,13
11044,4,11.9,13
11046,1,2.0,13
11046,2,6.8,13
11046,3,9.9,13
11046,4,12.5,13
11048,1,4.0,13
11048,2,7.0,13
11048,3,10.4,13
11048,4,13.2,13
11049,1,3.0,13
11049,2,7.5,13
11049,3,10.5,13
11049,4,12.6,13
11050,1,2.0,13
11050,2,7.2,13
11050,3,10.0,13
11050,4,12.6,13
11051,1,2.0,13
11051,2,7.8,13
11051,3,11.2,13
11051,4,12.9,13
11052,1,3.0,13
11052,2,7.5,13
11052,3,10.3,13
11052,4,12.7,13
11058,1,3.0,13
11058,2,7.9,13
11058,3,11.7,13
11058,4,13.3,13
11059,1,3.0,13
11059,2,7.8,13
11059,3,11.3,13
11059,4,13.4,13
11060,1,3.0,13
11060,2,7.5,13
11060,3,10.8,13
11060,4,12.7,13
11061,1,2.0,13
11061,2,7.5,13
11061,3,9.2,13
11061,4,11.9,13
11064,1,4.0,13
11064,2,7.8,13
11064,3,11.1,13
11064,4,13.8,13
11065,1,4.0,13
11065,2,7.8,13
11065,3,11.1,13
11065,4,13.9,13
11066,1,3.0,13
11066,2,7.5,13
11066,3,10.2,13
11066,4,12.8,13
11067,1,2.0,13
11067,2,6.5,13
11067,3,9.0,13
11067,4,12.7,13
11069,1,4.0,13
11069,2,6.7,13
11069,3,9.7,13
11069,4,12.0,13
11070,1,3.0,13
11070,2,6.5,13
11070,3,9.3,13
11070,4,12.0,13
11073,1,3.0,13
11073,2,6.7,13
11073,3,10.3,13
11073,4,12.7,13
11075,1,6.0,13
11075,2,8.5,13
11075,3,11.8,13
11075,4,13.8,13
11077,1,4.0,13
11077,2,7.0,13
11077,3,9.7,13
11077,4,12.7,13
11078,1,2.0,13
11078,2,6.2,13
11078,3,8.8,13
11078,4,12.5,13
11080,1,3.0,13
11080,2,7.5,13
11080,3,9.5,13
11080,4,12.0,13
11081,1,3.0,13
11081,2,7.0,13
11081,3,11.0,13
11081,4,12.8,13
11083,1,4.0,13
11083,2,6.8,13
11083,3,9.8,13
11083,4,12.5,13
11084,1,4.0,13
11084,2,7.8,13
11084,3,10.5,13
11084,4,12.9,13
11085,1,3.0,13
11085,2,8.5,13
11085,3,11.4,13
11085,4,13.6,13
11086,1,3.0,13
11086,2,6.5,13
11086,3,9.2,13
11086,4,11.9,13
11087,1,4.0,13
11087,2,7.7,13
11087,3,10.7,13
11087,4,12.8,13
11088,1,3.0,13
11088,2,6.2,13
11088,3,9.3,13
11088,4,11.8,13
11089,1,6.0,15
11089,2,8.8,15
11089,3,13.0,15
11089,4,14.3,15
11090,1,5.0,15
11090,2,7.9,15
11090,3,11.2,15
11090,4,13.2,15
11091,1,4.0,15
11091,2,7.7,15
11091,3,10.8,15
11091,4,13.0,15
11092,1,4.0,15
11092,2,7.8,15
11092,3,11.0,15
11092,4,13.7,15
11093,1,5.0,13
11093,2,8.5,13
11093,3,11.8,13
11093,4,14.3,13
11094,1,4.0,13
11094,2,7.8,13
11094,3,10.7,13
11094,4,13.4,13
11095,1,4.0,13
11095,2,7.8,13
11095,3,10.8,13
11095,4,12.7,13
11096,1,6.0,13
11096,2,8.2,13
11096,3,12.2,13
11096,4,13.9,13
11097,1,4.0,15
11097,2,7.8,15
11097,3,10.8,15
11097,4,13.3,15
11098,1,4.0,15
11098,2,7.0,15
11098,3,10.5,15
11098,4,13.0,15
11099,1,4.0,15
11099,2,7.5,15
11099,3,10.2,15
11099,4,12.9,15
11100,1,3.0,15
11100,2,7.4,15
11100,3,10.4,15
11100,4,12.8,15
11100,5,13.7,15
11101,1,4.0,15
11101,2,7.8,15
11101,3,11.0,15
11101,4,13.9,15
11102,1,5.0,15
11102,2,8.8,15
11102,3,12.7,15
11102,4,14.8,15
11103,1,3.0,15
11103,2,8.5,15
11103,3,11.8,15
11103,4,14.6,15
11104,1,4.0,13
11104,2,7.5,13
11104,3,10.0,13
11104,4,12.7,13
11105,1,5.0,15
11105,2,6.5,15
11105,3,9.9,15
11105,4,13.3,15
11106,1,6.0,13
11106,2,8.9,13
11106,3,13.0,13
11106,4,14.7,13
11107,1,4.0,15
11107,2,7.5,15
11107,3,9.9,15
11107,4,12.7,15
11108,1,4.0,15
11108,2,7.0,15
11108,3,9.4,15
11108,4,12.6,15
11109,1,5.0,15
11109,2,7.7,15
11109,3,10.1,15
11109,4,12.7,15
11110,1,4.0,15
11110,2,7.5,15
11110,3,10.0,15
11110,4,12.8,15
11111,1,3.0,15
11111,2,7.5,15
11111,3,9.0,15
11111,4,12.9,15
11113,1,1.0,15
11113,2,5.8,15
11113,3,8.5,15
11113,4,12.0,15
11113,5,12.8,15
11115,1,2.0,15
11115,2,6.0,15
11115,3,8.7,15
11115,4,12.5,15
11121,1,4.0,13
11121,2,7.0,13
11121,3,9.9,13
11121,4,12.9,13
11122,1,4.0,13
11122,2,7.8,13
11122,3,10.4,13
11122,4,12.9,13
11123,1,4.0,13
11123,2,7.5,13
11123,3,10.0,13
11123,4,12.6,13
11124,1,4.0,13
11124,2,7.2,13
11124,3,9.8,13
11124,4,12.5,13
11125,1,3.0,15
11125,2,6.5,15
11125,3,9.8,15
11125,4,12.8,15
11126,1,5.0,15
11126,2,7.7,15
11126,3,10.0,15
11126,4,13.2,15
11127,1,3.0,15
11127,2,7.0,15
11127,3,9.8,15
11127,4,12.8,15
11128,1,3.0,15
11128,2,6.0,15
11128,3,10.2,15
11128,4,12.8,15
11129,1,5.0,15
11129,2,7.5,15
11129,3,10.0,15
11129,4,13.0,15
11130,1,4.0,15
11130,2,6.5,15
11130,3,9.8,15
11130,4,12.7,15
11131,1,4.0,15
11131,2,6.8,15
11131,3,10.0,15
11131,4,12.8,15
11132,1,3.0,15
11132,2,6.5,15
11132,3,9.8,15
11132,4,12.9,15
11133,1,3.0,15
11133,2,6.5,15
11133,3,9.8,15
11133,4,12.4,15
11134,1,4.0,13
11134,2,7.8,13
11134,3,10.7,13
11134,4,13.4,13
11135,1,4.0,15
11135,2,7.5,15
11135,3,10.2,15
11135,4,12.8,15
11136,1,3.0,15
11136,2,6.2,15
11136,3,9.7,15
11136,4,12.5,15
11137,1,3.0,15
11137,2,6.0,15
11137,3,9.0,15
11137,4,12.8,15
11138,1,3.0,15
11138,2,6.7,15
11138,3,9.7,15
11138,4,12.8,15
11139,1,2.0,15
11139,2,6.2,15
11139,3,9.5,15
11139,4,12.8,15
11140,1,5.0,13
11140,2,8.0,13
11140,3,11.5,13
11140,4,13.8,13
11141,1,5.0,15
11141,2,7.5,15
11141,3,11.0,15
11141,4,13.8,15
11142,1,3.0,15
11142,2,7.8,15
11142,3,12.6,15
11142,4,13.9,15
11143,1,5.0,15
11143,2,7.2,15
11143,3,10.8,15
11143,4,13.7,15
11150,1,2.0,15
11150,2,6.5,15
11150,3,8.8,15
11150,4,12.0,15
11152,1,3.0,15
11152,2,7.0,15
11152,3,11.3,15
11152,4,13.0,15
11152,5,13.8,15
11153,1,5.0,15
11153,2,7.7,15
11153,3,10.8,15
11153,4,13.0,15
11154,1,3.0,15
11154,2,7.8,15
11154,3,11.8,15
11154,4,12.9,15
11155,1,6.0,15
11155,2,8.8,15
11155,3,12.0,15
11155,4,14.4,15
11157,1,5.0,15
11157,2,7.8,15
11157,3,11.0,15
11157,4,13.4,15
11158,1,3.0,15
11158,2,7.7,15
11158,3,11.0,15
11158,4,13.7,15
11159,1,4.0,15
11159,2,8.0,15
11159,3,10.8,15
11159,4,13.7,15
11160,1,5.0,15
11160,2,8.5,15
11160,3,12.5,15
11160,4,14.0,15
11161,1,3.0,15
11161,2,7.8,15
11161,3,10.4,15
11161,4,13.0,15
11162,1,4.0,15
11162,2,7.0,15
11162,3,10.0,15
11162,4,13.4,15
11163,1,3.0,15
11163,2,7.7,15
11163,3,10.2,15
11163,4,12.8,15
11164,1,3.0,15
11164,2,8.0,15
11164,3,11.2,15
11164,4,13.9,15
11165,1,5.0,15
11165,2,8.5,15
11165,3,12.5,15
11165,4,14.7,15
11166,1,4.0,15
11166,2,7.8,15
11166,3,10.7,15
11166,4,14.0,15
11167,1,3.0,15
11167,2,7.9,15
11167,3,12.8,15
11167,4,14.5,15
11168,1,4.0,15
11168,2,7.7,15
11168,3,10.8,15
11168,4,12.7,15
11169,1,3.0,17
11169,2,7.2,17
11169,3,10.0,17
11169,4,12.8,17
11170,1,3.0,17
11170,2,7.5,17
11170,3,9.8,17
11170,4,13.0,17
11171,1,5.0,15
11171,2,8.8,15
11171,3,12.5,15
11171,4,14.4,15
11172,1,3.0,15
11172,2,6.5,15
11172,3,10.2,15
11172,4,13.2,15
11173,1,4.0,15
11173,2,7.8,15
11173,3,10.7,15
11173,4,13.2,15
11174,1,5.0,15
11174,2,8.4,15
11174,3,11.8,15
11174,4,14.2,15
11175,1,5.0,15
11175,2,8.8,15
11175,3,12.5,15
11175,4,13.8,15
11176,1,4.0,15
11176,2,8.5,15
11176,3,12.0,15
11176,4,14.3,15
11177,1,4.0,15
11177,2,7.8,15
11177,3,10.5,15
11177,4,13.0,15
11177,5,13.7,15
11184,1,3.0,15
11184,2,6.0,15
11184,3,8.7,15
11184,4,12.0,15
11184,5,12.8,15
11185,1,3.0,15
11185,2,7.0,15
11185,3,10.2,15
11185,4,12.8,15
11186,1,3.0,15
11186,2,7.2,15
11186,3,9.8,15
11186,4,13.2,15
11187,1,2.0,15
11187,2,6.5,15
11187,3,8.8,15
11187,4,12.5,15
11188,1,3.0,15
11188,2,6.2,15
11188,3,8.5,15
11188,4,13.4,15
11189,1,2.0,15
11189,2,7.0,15
11189,3,9.9,15
11189,4,12.9,15
11190,1,3.0,15
11190,2,6.0,15
11190,3,8.8,15
11190,4,11.9,15
11191,1,4.0,15
11191,2,6.5,15
11191,3,8.7,15
11191,4,12.4,15
11192,1,2.0,15
11192,2,6.8,15
11192,3,9.8,15
11192,4,12.9,15
11193,1,3.0,15
11193,2,7.2,15
11193,3,10.5,15
11193,4,13.1,15
11194,1,4.0,15
11194,2,6.5,15
11194,3,9.0,15
11194,4,12.7,15
11195,1,5.0,15
11195,2,7.2,15
11195,3,10.7,15
11195,4,13.7,15
11198,1,4.0,15
11198,2,7.0,15
11198,3,9.0,15
11198,4,12.8,15
11199,1,4.0,15
11199,2,7.7,15
11199,3,9.8,15
11199,4,12.7,15
11200,1,4.0,15
11200,2,7.0,15
11200,3,9.5,15
11200,4,13.0,15
11201,1,3.0,15
11201,2,6.5,15
11201,3,9.0,15
11201,4,12.9,15
11202,1,4.0,15
11202,2,7.0,15
11202,3,9.7,15
11202,4,13.4,15
11204,1,4.0,15
11204,2,7.7,15
11204,3,10.7,15
11204,4,13.7,15
11205,1,4.0,15
11205,2,6.2,15
11205,3,9.2,15
11205,4,13.0,15
11206,1,6.0,15
11206,2,8.5,15
11206,3,12.2,15
11206,4,14.5,15
11207,1,4.0,15
11207,2,7.7,15
11207,3,10.8,15
11207,4,13.9,15
11208,1,4.0,15
11208,2,7.8,15
11208,3,11.0,15
11208,4,13.7,15
11209,1,5.0,15
11209,2,8.0,15
11209,3,12.0,15
11209,4,14.1,15
11210,1,5.0,15
11210,2,7.8,15
11210,3,11.2,15
11210,4,13.8,15
11211,1,3.0,15
11211,2,7.5,15
11211,3,10.0,15
11211,4,13.7,15
11212,1,4.0,15
11212,2,7.5,15
11212,3,10.7,15
11212,4,13.7,15
11213,1,4.0,15
11213,2,8.0,15
11213,3,11.8,15
11213,4,13.9,15
11214,1,3.0,15
11214,2,7.0,15
11214,3,11.8,15
11214,4,13.5,15
11215,1,5.0,15
11215,2,8.0,15
11215,3,12.2,15
11215,4,14.5,15
11216,1,4.0,15
11216,2,7.7,15
11216,3,10.7,15
11216,4,14.4,15
11219,1,3.0,15
11219,2,7.4,15
11219,3,9.4,15
11219,4,12.2,15
11221,1,5.0,15
11221,2,9.0,15
11221,3,12.7,15
11221,4,14.4,15
11222,1,5.0,15
11222,2,8.5,15
11222,3,12.8,15
11222,4,14.7,15
11223,1,5.0,17
11223,2,9.0,17
11223,3,12.8,17
11223,4,14.8,17
11224,1,3.0,17
11224,2,7.0,17
11224,3,10.7,17
11224,4,13.1,17
11225,1,4.0,17
11225,2,7.8,17
11225,3,11.1,17
11225,4,13.8,17
11226,1,4.0,17
11226,2,7.7,17
11226,3,10.0,17
11226,4,13.0,17
11227,1,6.0,17
11227,2,8.5,17
11227,3,12.5,17
11227,4,14.3,17
11228,1,4.0,17
11228,2,7.8,17
11228,3,10.7,17
11228,4,12.9,17
11228,5,13.0,17
11229,1,4.0,17
11229,2,7.5,17
11229,3,10.9,17
11229,4,12.8,17
11230,1,5.0,17
11230,2,8.7,17
11230,3,12.5,17
11230,4,14.2,17
11231,1,4.0,17
11231,2,8.0,17
11231,3,11.7,17
11231,4,13.7,17
11232,1,4.0,17
11232,2,7.8,17
11232,3,10.8,17
11232,4,13.8,17
11232,5,13.7,17
11233,1,4.0,17
11233,2,7.8,17
11233,3,11.0,17
11233,4,14.0,17
11234,1,5.0,17
11234,2,8.5,17
11234,3,12.5,17
11234,4,14.4,17
11235,1,6.0,17
11235,2,8.5,17
11235,3,13.0,17
11235,4,14.7,17
11236,1,4.0,17
11236,2,8.0,17
11236,3,12.0,17
11236,4,13.9,17
11237,1,5.0,17
11237,2,8.5,17
11237,3,12.8,17
11237,4,13.9,17
11238,1,5.0,17
11238,2,8.8,17
11238,3,12.4,17
11238,4,14.6,17
11239,1,3.0,17
11239,2,7.5,17
11239,3,9.5,17
11239,4,12.8,17
11240,1,3.0,17
11240,2,7.7,17
11240,3,9.7,17
11240,4,12.6,17
11241,1,3.0,17
11241,2,7.5,17
11241,3,10.2,17
11241,4,13.2,17
11241,5,13.8,17
11242,1,3.0,17
11242,2,7.7,17
11242,3,10.0,17
11242,4,13.0,17
11243,1,5.0,17
11243,2,7.8,17
11243,3,10.8,17
11243,4,13.8,17
11246,1,3.0,17
11246,2,7.7,17
11246,3,10.5,17
11246,4,13.7,17
11247,1,3.0,17
11247,2,6.5,17
11247,3,9.8,17
11247,4,12.8,17
11248,1,5.0,17
11248,2,9.5,17
11248,3,12.9,17
11248,4,14.3,17
11249,1,3.0,17
11249,2,7.5,17
11249,3,10.0,17
11249,4,13.4,17
11253,1,3.0,17
11253,2,6.2,17
11253,3,8.8,17
11253,4,12.8,17
11255,1,3.0,17
11255,2,7.0,17
11255,3,9.0,17
11255,4,12.7,17
11260,1,3.0,17
11260,2,6.2,17
11260,3,8.8,17
11260,4,12.7,17
11261,1,3.0,17
11261,2,7.2,17
11261,3,9.0,17
11261,4,12.4,17
11262,1,2.0,17
11262,2,6.5,17
11262,3,9.2,17
11262,4,12.8,17
11263,1,3.0,17
11263,2,6.8,17
11263,3,9.7,17
11263,4,12.9,17
11264,1,1.0,17
11264,2,6.5,17
11264,3,8.7,17
11264,4,12.5,17
11265,1,3.0,17
11265,2,6.5,17
11265,3,9.8,17
11265,4,12.8,17
11266,1,4.0,17
11266,2,7.5,17
11266,3,10.8,17
11266,4,13.2,17
11267,1,2.0,17
11267,2,7.0,17
11267,3,9.8,17
11267,4,13.1,17
11268,1,3.0,17
11268,2,6.2,17
11268,3,9.5,17
11268,4,12.7,17
11269,1,2.0,17
11269,2,7.0,17
11269,3,9.8,17
11269,4,12.8,17
11270,1,1.0,17
11270,2,6.0,17
11270,3,10.0,17
11270,4,12.8,17
11271,1,1.0,17
11271,2,6.2,17
11271,3,8.8,17
11271,4,12.2,17
11272,1,1.0,17
11272,2,6.0,17
11272,3,8.2,17
11272,4,12.0,17
11273,1,2.0,17
11273,2,6.5,17
11273,3,9.8,17
11273,4,12.8,17
11274,1,2.0,17
11274,2,6.8,17
11274,3,9.0,17
11274,4,13.0,17
11275,1,4.0,17
11275,2,7.0,17
11275,3,10.0,17
11275,4,13.4,17
11276,1,3.0,17
11276,2,6.5,17
11276,3,8.8,17
11276,4,12.4,17
11277,1,3.0,17
11277,2,6.5,17
11277,3,9.8,17
11277,4,12.2,17
11278,1,3.0,17
11278,2,6.8,17
11278,3,10.2,17
11278,4,13.0,17
11279,1,3.0,17
11279,2,7.2,17
11279,3,9.8,17
11279,4,13.0,17
11280,1,4.0,17
11280,2,7.7,17
11280,3,10.8,17
11280,4,13.5,17
11281,1,6.0,17
11281,2,8.0,17
11281,3,12.0,17
11281,4,14.4,17
11282,1,3.0,17
11282,2,8.0,17
11282,3,12.8,17
11282,4,13.9,17
11283,1,4.0,17
11283,2,8.2,17
11283,3,12.5,17
11283,4,13.9,17
11284,1,4.0,17
11284,2,8.2,17
11284,3,11.8,17
11284,4,14.4,17
11285,1,4.0,17
11285,2,7.7,17
11285,3,11.7,17
11285,4,13.7,17
11286,1,3.0,17
11286,2,7.8,17
11286,3,10.7,17
11286,4,13.5,17
11287,1,2.0,17
11287,2,7.9,17
11287,3,10.7,17
11287,4,13.9,17
11288,1,4.0,17
11288,2,8.8,17
11288,3,12.0,17
11288,4,13.8,17
11289,1,2.0,17
11289,2,7.7,17
11289,3,11.0,17
11289,4,13.4,17
11290,1,3.0,17
11290,2,7.8,17
11290,3,11.0,17
11290,4,13.2,17
11291,1,3.0,17
11291,2,8.2,17
11291,3,11.5,17
11291,4,13.7,17
11292,1,5.0,17
11292,2,8.7,17
11292,3,11.8,17
11292,4,13.9,17
11293,1,3.0,17
11293,2,7.8,17
11293,3,12.4,17
11293,4,13.7,17
11294,1,4.0,17
11294,2,8.2,17
11294,3,12.2,17
11294,4,14.3,17
11295,1,5.0,17
11295,2,8.8,17
11295,3,12.9,17
11295,4,14.6,17
11296,1,4.0,17
11296,2,8.2,17
11296,3,12.5,17
11296,4,13.7,17
11297,1,2.0,17
11297,2,7.8,17
11297,3,10.8,17
11297,4,13.5,17
11298,1,2.0,17
11298,2,7.8,17
11298,3,10.0,17
11298,4,13.1,17
11299,1,6.0,17
11299,2,8.5,17
11299,3,12.0,17
11299,4,14.2,17
11300,1,5.0,17
11300,2,9.0,17
11300,3,12.1,17
11300,4,14.4,17
11301,1,3.0,17
11301,2,7.9,17
11301,3,11.8,17
11301,4,13.9,17
11302,1,6.0,17
11302,2,8.5,17
11302,3,12.7,17
11302,4,14.6,17
11303,1,5.0,17
11303,2,7.8,17
11303,3,11.8,17
11303,4,14.0,17
11304,1,4.0,17
11304,2,8.2,17
11304,3,10.0,17
11304,4,13.3,17
11305,1,4.0,17
11305,2,7.8,17
11305,3,12.0,17
11305,4,14.0,17
11306,1,5.0,17
11306,2,8.5,17
11306,3,12.0,17
11306,4,14.5,17
11307,1,5.0,17
11307,2,8.0,17
11307,3,12.2,17
11307,4,14.7,17
11308,1,4.0,17
11308,2,7.8,17
11308,3,12.5,17
11308,4,13.7,17
11309,1,4.0,17
11309,2,8.0,17
11309,3,11.4,17
11309,4,13.8,17
11310,1,5.0,17
11310,2,8.8,17
11310,3,12.5,17
11310,4,14.4,17
11311,1,6.0,17
11311,2,9.8,17
11311,3,13.0,17
11311,4,14.9,17
11312,1,4.0,17
11312,2,7.0,17
11312,3,10.2,17
11312,4,13.0,17
11313,1,2.0,17
11313,2,7.0,17
11313,3,9.7,17
11313,4,12.7,17
11314,1,4.0,17
11314,2,8.5,17
11314,3,11.7,17
11314,4,13.9,17
11315,1,4.0,17
11315,2,8.0,17
11315,3,12.5,17
11315,4,14.5,17
11316,1,3.0,17
11316,2,6.8,17
11316,3,10.0,17
11316,4,13.5,17
11317,1,3.0,17
11317,2,6.5,17
11317,3,10.5,17
11317,4,13.6,17
11318,1,5.0,17
11318,2,8.8,17
11318,3,13.1,17
11318,4,14.4,17
11319,1,5.0,17
11319,2,8.0,17
11319,3,12.5,17
11319,4,13.9,17
11321,1,2.0,17
11321,2,6.0,17
11321,3,8.5,17
11321,4,11.2,17
11321,5,12.8,17
11322,1,3.0,17
11322,2,7.5,17
11322,3,9.8,17
11322,4,11.7,17
11322,5,13.2,17
11323,1,2.0,17
11323,2,6.0,17
11323,3,8.0,17
11323,4,12.5,17
11324,1,2.0,17
11324,2,6.2,17
11324,3,8.5,17
11324,4,12.2,17
11325,1,2.0,17
11325,2,7.2,17
11325,3,9.8,17
11325,4,11.8,17
11325,5,12.8,17
11327,1,2.0,17
11327,2,7.2,17
11327,3,10.0,17
11327,4,13.2,17
11328,1,5.0,17
11328,2,8.5,17
11328,3,12.5,17
11328,4,14.2,17
11330,1,5.0,17
11330,2,8.7,17
11330,3,12.0,17
11330,4,14.2,17
11331,1,5.0,17
11331,2,8.5,17
11331,3,12.0,17
11331,4,13.9,17
11333,1,3.0,17
11333,2,7.5,17
11333,3,10.7,17
11333,4,13.2,17
11333,5,13.9,17
11334,1,2.0,17
11334,2,8.2,17
11334,3,11.0,17
11334,4,13.8,17
11335,1,2.0,17
11335,2,7.8,17
11335,3,10.0,17
11335,4,13.1,17
11336,1,2.0,17
11336,2,6.7,17
11336,3,9.8,17
11336,4,12.5,17
11340,1,2.0,17
11340,2,6.5,17
11340,3,10.0,17
11340,4,13.0,17
11341,1,3.0,17
11341,2,6.5,17
11341,3,10.0,17
11341,4,13.2,17
11342,1,3.0,17
11342,2,7.0,17
11342,3,9.7,17
11342,4,13.1,17
11343,1,3.0,17
11343,2,7.8,17
11343,3,10.7,17
11343,4,13.9,17
11344,1,2.0,17
11344,2,7.7,17
11344,3,10.0,17
11344,4,12.9,17
11345,1,2.0,17
11345,2,6.5,17
11345,3,9.8,17
11345,4,12.4,17
11346,1,1.0,19
11346,2,6.0,19
11346,3,9.8,19
11346,4,12.9,19
11347,1,2.0,17
11347,2,7.8,17
11347,3,10.7,17
11347,4,13.7,17
11348,1,4.0,19
11348,2,7.5,19
11348,3,11.0,19
11348,4,13.2,19
11349,1,3.0,17
11349,2,7.5,17
11349,3,10.2,17
11349,4,13.1,17
11350,1,2.0,17
11350,2,6.7,17
11350,3,9.8,17
11350,4,13.0,17
11351,1,3.0,17
11351,2,7.7,17
11351,3,10.0,17
11351,4,13.0,17
11353,1,2.0,17
11353,2,7.2,17
11353,3,9.8,17
11353,4,12.8,17
11354,1,3.0,17
11354,2,6.2,17
11354,3,10.2,17
11354,4,13.4,17
11355,1,2.0,17
11355,2,6.5,17
11355,3,9.8,17
11355,4,13.2,17
11358,1,2.0,17
11358,2,7.9,17
11358,3,10.5,17
11358,4,13.4,17
11359,1,2.0,17
11359,2,6.0,17
11359,3,10.0,17
11359,4,13.0,17
11360,1,3.0,17
11360,2,6.8,17
11360,3,9.5,17
11360,4,13.2,17
11361,1,1.0,17
11361,2,6.2,17
11361,3,8.8,17
11361,4,12.8,17
11362,1,2.0,17
11362,2,7.0,17
11362,3,9.5,17
11362,4,12.7,17
11363,1,2.0,17
11363,2,7.0,17
11363,3,10.8,17
11363,4,13.5,17
11364,1,5.0,17
11364,2,9.0,17
11364,3,12.8,17
11364,4,14.7,17
11365,1,4.0,17
11365,2,7.5,17
11365,3,10.7,17
11365,4,13.0,17
11367,1,2.0,17
11367,2,6.5,17
11367,3,8.7,17
11367,4,12.7,17
11369,1,4.0,17
11369,2,7.5,17
11369,3,9.8,17
11369,4,11.8,17
11369,5,13.5,17
11370,1,3.0,17
11370,2,6.8,17
11370,3,8.8,17
11370,4,12.9,17
11373,1,3.0,17
11373,2,7.0,17
11373,3,9.8,17
11373,4,12.8,17
11374,1,6.0,17
11374,2,8.2,17
11374,3,12.9,17
11374,4,14.7,17
11375,1,3.0,19
11375,2,7.8,19
11375,3,10.7,19
11375,4,12.9,19
11376,1,3.0,19
11376,2,7.2,19
11376,3,10.0,19
11376,4,13.0,19
11377,1,5.0,19
11377,2,8.0,19
11377,3,11.7,19
11377,4,13.9,19
11378,1,6.0,19
11378,2,7.9,19
11378,3,13.2,19
11378,4,14.5,19
11379,1,6.0,19
11379,2,8.5,19
11379,3,13.7,19
11379,4,14.9,19
11380,1,2.0,19
11380,2,7.8,19
11380,3,10.8,19
11380,4,13.5,19
11381,1,2.0,19
11381,2,7.5,19
11381,3,10.5,19
11381,4,13.2,19
11382,1,5.0,19
11382,2,8.0,19
11382,3,12.7,19
11382,4,14.1,19
11383,1,3.0,19
11383,2,7.5,19
11383,3,11.0,19
11383,4,13.7,19
11384,1,5.0,19
11384,2,7.8,19
11384,3,12.5,19
11384,4,13.9,19
11385,1,4.0,19
11385,2,7.8,19
11385,3,12.0,19
11385,4,14.3,19
11386,1,4.0,19
11386,2,8.0,19
11386,3,12.5,19
11386,4,14.3,19
11387,1,4.0,19
11387,2,8.8,19
11387,3,11.5,19
11387,4,13.7,19
11388,1,4.0,19
11388,2,8.0,19
11388,3,13.5,19
11388,4,14.7,19
11389,1,6.0,19
11389,2,8.2,19
11389,3,12.9,19
11389,4,14.6,19
11390,1,4.0,19
11390,2,7.0,19
11390,3,10.7,19
11390,4,13.7,19
11391,1,6.0,19
11391,2,8.8,19
11391,3,12.9,19
11391,4,14.7,19
11392,1,6.0,19
11392,2,8.0,19
11392,3,12.8,19
11392,4,14.7,19
11393,1,5.0,19
11393,2,8.7,19
11393,3,12.0,19
11393,4,13.9,19
11394,1,7.0,19
11394,2,9.8,19
11394,3,13.0,19
11394,4,14.9,19
11395,1,4.0,19
11395,2,7.7,19
11395,3,10.8,19
11395,4,13.8,19
11396,1,4.0,19
11396,2,6.2,19
11396,3,10.0,19
11396,4,13.5,19
11398,1,5.0,19
11398,2,7.8,19
11398,3,12.5,19
11398,4,14.1,19
11399,1,4.0,19
11399,2,7.7,19
11399,3,10.8,19
11399,4,13.5,19
11400,1,5.0,19
11400,2,8.5,19
11400,3,12.2,19
11400,4,13.9,19
11401,1,3.0,19
11401,2,6.2,19
11401,3,10.7,19
11401,4,13.0,19
11402,1,4.0,19
11402,2,6.8,19
11402,3,11.7,19
11402,4,13.4,19
11404,1,3.0,19
11404,2,6.5,19
11404,3,11.5,19
11404,4,13.8,19
11405,1,6.0,19
11405,2,7.8,19
11405,3,12.4,19
11405,4,14.1,19
11407,1,2.0,19
11407,2,7.0,19
11407,3,9.8,19
11407,4,11.5,19
11407,5,13.0,19
11408,1,3.0,19
11408,2,7.7,19
11408,3,11.7,19
11408,4,13.2,19
11410,1,3.0,19
11410,2,6.8,19
11410,3,10.2,19
11410,4,11.7,19
11410,5,13.4,19
11411,1,3.0,19
11411,2,7.0,19
11411,3,9.7,19
11411,4,13.0,19
11412,1,5.0,19
11412,2,8.4,19
11412,3,11.0,19
11412,4,13.9,19
11413,1,5.0,19
11413,2,8.5,19
11413,3,12.9,19
11413,4,13.9,19
11415,1,5.0,19
11415,2,8.8,19
11415,3,12.5,19
11415,4,13.9,19
11418,1,3.0,19
11418,2,7.0,19
11418,3,11.8,19
11418,4,13.7,19
11419,1,3.0,19
11419,2,6.5,19
11419,3,12.0,19
11419,4,13.9,19
11420,1,3.0,19
11420,2,6.5,19
11420,3,10.5,19
11420,4,13.2,19
11421,1,3.0,19
11421,2,6.8,19
11421,3,8.7,19
11421,4,12.2,19
11422,1,3.0,19
11422,2,6.5,19
11422,3,10.5,19
11422,4,12.8,19
11423,1,4.0,19
11423,2,8.2,19
11423,3,11.5,19
11423,4,14.1,19
11424,1,4.0,19
11424,2,7.5,19
11424,3,11.7,19
11424,4,13.9,19
11425,1,5.0,19
11425,2,7.8,19
11425,3,12.1,19
11425,4,13.9,19
11426,1,6.0,19
11426,2,8.8,19
11426,3,12.7,19
11426,4,14.4,19
11427,1,3.0,19
11427,2,7.7,19
11427,3,11.7,19
11427,4,13.6,19
11428,1,2.0,19
11428,2,6.5,19
11428,3,10.8,19
11428,4,13.0,19
11429,1,6.0,19
11429,2,8.5,19
11429,3,13.0,19
11429,4,14.1,19
11430,1,3.0,19
11430,2,7.2,19
11430,3,10.2,19
11430,4,12.8,19
11431,1,3.0,19
11431,2,6.5,19
11431,3,9.0,19
11431,4,12.9,19
11432,1,2.0,19
11432,2,7.0,19
11432,3,10.5,19
11432,4,13.7,19
11433,1,2.0,19
11433,2,6.5,19
11433,3,10.8,19
11433,4,13.4,19
11434,1,3.0,19
11434,2,6.5,19
11434,3,10.5,19
11434,4,12.8,19
11435,1,3.0,19
11435,2,6.2,19
11435,3,9.8,19
11435,4,13.3,19
11436,1,2.0,19
11436,2,6.5,19
11436,3,10.0,19
11436,4,12.5,19
11437,1,3.0,19
11437,2,6.8,19
11437,3,10.0,19
11437,4,13.3,19
11438,1,5.0,19
11438,2,7.8,19
11438,3,11.5,19
11438,4,13.9,19
11439,1,3.0,19
11439,2,6.5,19
11439,3,10.0,19
11439,4,12.9,19
11441,1,4.0,19
11441,2,6.5,19
11441,3,9.8,19
11441,4,12.9,19
11443,1,5.0,19
11443,2,8.5,19
11443,3,12.5,19
11443,4,13.8,19
11444,1,3.0,19
11444,2,6.0,19
11444,3,9.0,19
11444,4,13.3,19
11445,1,5.0,19
11445,2,7.0,19
11445,3,9.8,19
11445,4,13.7,19
11446,1,6.0,19
11446,2,8.9,19
11446,3,13.0,19
11446,4,14.5,19
11447,1,5.0,19
11447,2,7.7,19
11447,3,10.5,19
11447,4,13.7,19
11448,1,2.0,19
11448,2,6.0,19
11448,3,9.0,19
11448,4,12.7,19
11449,1,5.0,19
11449,2,7.8,19
11449,3,11.2,19
11449,4,13.3,19
11450,1,1.0,19
11450,2,6.5,19
11450,3,9.0,19
11450,4,12.5,19
11451,1,4.0,19
11451,2,7.0,19
11451,3,11.5,19
11451,4,13.5,19
11452,1,4.0,19
11452,2,7.8,19
11452,3,10.5,19
11452,4,12.9,19
11453,1,4.0,19
11453,2,8.5,19
11453,3,10.5,19
11453,4,13.8,19
11454,1,4.0,19
11454,2,7.0,19
11454,3,10.7,19
11454,4,14.0,19
11455,1,5.0,19
11455,2,8.0,19
11455,3,12.0,19
11455,4,13.9,19
11456,1,3.0,19
11456,2,7.8,19
11456,3,11.0,19
11456,4,13.7,19
11457,1,5.0,19
11457,2,9.7,19
11457,3,12.8,19
11457,4,14.7,19
11458,1,5.0,19
11458,2,8.0,19
11458,3,12.7,19
11458,4,14.5,19
11459,1,3.0,19
11459,2,7.2,19
11459,3,11.5,19
11459,4,13.8,19
11460,1,4.0,19
11460,2,6.8,19
11460,3,10.9,19
11460,4,13.8,19
11461,1,6.0,19
11461,2,7.8,19
11461,3,12.7,19
11461,4,14.4,19
11462,1,6.0,19
11462,2,8.0,19
11462,3,12.9,19
11462,4,14.4,19
11463,1,3.0,19
11463,2,6.0,19
11463,3,9.7,19
11463,4,13.0,19
11464,1,4.0,19
11464,2,7.0,19
11464,3,10.2,19
11464,4,13.4,19
11465,1,4.0,19
11465,2,7.8,19
11465,3,10.7,19
11465,4,13.6,19
11466,1,5.0,19
11466,2,8.2,19
11466,3,11.7,19
11466,4,13.9,19
11467,1,3.0,19
11467,2,7.7,19
11467,3,10.8,19
11467,4,14.0,19
11468,1,4.0,19
11468,2,8.0,19
11468,3,11.0,19
11468,4,13.8,19
11469,1,5.0,19
11469,2,8.7,19
11469,3,12.7,19
11469,4,14.3,19
11470,1,6.0,19
11470,2,8.7,19
11470,3,13.2,19
11470,4,14.7,19
11471,1,5.0,19
11471,2,8.8,19
11471,3,12.8,19
11471,4,14.2,19
11472,1,5.0,19
11472,2,9.0,19
11472,3,12.8,19
11472,4,14.1,19
11473,1,5.0,19
11473,2,7.0,19
11473,3,10.8,19
11473,4,13.2,19
11474,1,5.0,19
11474,2,8.0,19
11474,3,10.7,19
11474,4,13.8,19
11475,1,6.0,19
11475,2,8.7,19
11475,3,12.0,19
11475,4,14.3,19
11477,1,4.0,19
11477,2,7.7,19
11477,3,10.0,19
11477,4,13.3,19
11478,1,5.0,19
11478,2,8.0,19
11478,3,12.8,19
11478,4,14.3,19
11479,1,5.0,19
11479,2,8.0,19
11479,3,12.9,19
11479,4,14.3,19
11481,1,3.0,19
11481,2,7.8,19
11481,3,10.8,19
11481,4,13.1,19
11482,1,3.0,19
11482,2,7.5,19
11482,3,10.2,19
11482,4,12.9,19
11483,1,2.0,19
11483,2,6.5,19
11483,3,8.5,19
11483,4,11.5,19
11483,5,13.2,19
11484,1,3.0,19
11484,2,6.5,19
11484,3,9.7,19
11484,4,13.4,19
11485,1,2.0,19
11485,2,6.2,19
11485,3,9.8,19
11485,4,11.5,19
11485,5,13.3,19
11486,1,2.0,19
11486,2,6.0,19
11486,3,9.2,19
11486,4,11.8,19
11486,5,13.0,19
11487,1,2.0,19
11487,2,6.5,19
11487,3,9.0,19
11487,4,13.0,19
11488,1,3.0,19
11488,2,7.0,19
11488,3,9.5,19
11488,4,13.5,19
11489,1,5.0,19
11489,2,8.5,19
11489,3,12.1,19
11489,4,14.3,19
11490,1,3.0,19
11490,2,7.0,19
11490,3,11.2,19
11490,4,13.7,19
11491,1,5.0,19
11491,2,7.8,19
11491,3,12.2,19
11491,4,14.0,19
11495,1,3.0,19
11495,2,6.5,19
11495,3,10.0,19
11495,4,12.9,19
11496,1,4.0,19
11496,2,7.7,19
11496,3,11.2,19
11496,4,14.0,19
11497,1,3.0,19
11497,2,6.8,19
11497,3,9.5,19
11497,4,12.7,19
11498,1,4.0,19
11498,2,7.0,19
11498,3,10.7,19
11498,4,13.7,19
11499,1,4.0,19
11499,2,7.2,19
11499,3,9.8,19
11499,4,13.2,19
11500,1,4.0,19
11500,2,7.2,19
11500,3,10.5,19
11500,4,12.9,19
11502,1,5.0,19
11502,2,8.7,19
11502,3,12.8,19
11502,4,14.0,19
11503,1,5.0,19
11503,2,7.5,19
11503,3,10.7,19
11503,4,13.8,19
11504,1,2.0,19
11504,2,6.5,19
11504,3,12.0,19
11504,4,13.4,19
11505,1,5.0,19
11505,2,8.2,19
11505,3,11.8,19
11505,4,13.9,19
11506,1,2.0,19
11506,2,6.0,19
11506,3,8.7,19
11506,4,12.9,19
11507,1,3.0,19
11507,2,6.5,19
11507,3,10.0,19
11507,4,13.3,19
11508,1,2.0,19
11508,2,6.2,19
11508,3,9.0,19
11508,4,13.2,19
11509,1,3.0,19
11509,2,7.8,19
11509,3,11.8,19
11509,4,13.9,19
11510,1,3.0,19
11510,2,6.8,19
11510,3,9.8,19
11510,4,12.8,19
11511,1,2.0,19
11511,2,6.2,19
11511,3,9.7,19
11511,4,13.2,19
11512,1,4.0,19
11512,2,7.5,19
11512,3,11.5,19
11512,4,13.7,19
11513,1,2.0,19
11513,2,6.2,19
11513,3,8.2,19
11513,4,12.0,19
11514,1,3.0,19
11514,2,7.8,19
11514,3,11.7,19
11514,4,13.8,19
11516,1,5.0,19
11516,2,8.5,19
11516,3,12.8,19
11516,4,14.5,19
11517,1,6.0,19
11517,2,8.7,19
11517,3,12.8,19
11517,4,14.6,19
11518,1,3.0,19
11518,2,7.0,19
11518,3,10.0,19
11518,4,13.1,19
11519,1,2.0,19
11519,2,6.8,19
11519,3,9.5,19
11519,4,12.8,19
11520,1,1.0,19
11520,2,6.5,19
11520,3,8.5,19
11520,4,12.7,19
11521,1,2.0,19
11521,2,6.8,19
11521,3,9.8,19
11521,4,13.3,19
11523,1,6.0,19
11523,2,9.0,19
11523,3,13.2,19
11523,4,14.7,19
11524,1,3.0,19
11524,2,7.7,19
11524,3,10.7,19
11524,4,13.8,19
11525,1,4.0,19
11525,2,7.2,19
11525,3,10.7,19
11525,4,13.8,19
11526,1,3.0,21
11526,2,7.0,21
11526,3,10.5,21
11526,4,12.8,21
11527,1,3.0,21
11527,2,7.2,21
11527,3,12.0,21
11527,4,13.8,21
11528,1,5.0,21
11528,2,7.8,21
11528,3,12.0,21
11528,4,14.0,21
11529,1,5.0,21
11529,2,7.8,21
11529,3,11.9,21
11529,4,14.1,21
11530,1,6.0,21
11530,2,8.2,21
11530,3,12.9,21
11530,4,14.8,21
11538,1,5.0,21
11538,2,7.8,21
11538,3,11.0,21
11538,4,13.3,21
11539,1,3.0,21
11539,2,7.5,21
11539,3,10.8,21
11539,4,13.7,21
11540,1,4.0,21
11540,2,7.8,21
11540,3,11.2,21
11540,4,13.8,21
11541,1,4.0,21
11541,2,7.7,21
11541,3,10.7,21
11541,4,13.8,21
11549,1,6.0,21
11549,2,8.0,21
11549,3,12.8,21
11549,4,14.5,21
11555,1,2.0,21
11555,2,5.0,21
11555,3,10.7,21
11555,4,13.4,21
11556,1,5.0,21
11556,2,7.2,21
11556,3,10.5,21
11556,4,13.7,21
11557,1,3.0,21
11557,2,7.5,21
11557,3,10.5,21
11557,4,12.9,21
11558,1,2.0,21
11558,2,6.5,21
11558,3,8.7,21
11558,4,11.7,21
11558,5,13.3,21
11559,1,3.0,21
11559,2,6.8,21
11559,3,9.5,21
11559,4,13.5,21
11560,1,3.0,21
11560,2,6.8,21
11560,3,10.0,21
11560,4,13.2,21
11561,1,3.0,21
11561,2,6.5,21
11561,3,9.8,21
11561,4,11.5,21
11561,5,13.7,21
11562,1,2.0,21
11562,2,6.0,21
11562,3,8.8,21
11562,4,11.5,21
11562,5,13.5,21
11563,1,2.0,21
11563,2,6.5,21
11563,3,8.8,21
11563,4,12.8,21
11564,1,3.0,21
11564,2,6.8,21
11564,3,10.8,21
11564,4,13.7,21
11565,1,3.0,19
11565,2,7.8,19
11565,3,11.7,19
11565,4,12.8,19
11566,1,5.0,19
11566,2,8.5,19
11566,3,11.2,19
11566,4,13.8,19
11568,1,4.0,19
11568,2,7.5,19
11568,3,10.8,19
11568,4,13.5,19
11569,1,2.0,21
11569,2,6.5,21
11569,3,9.5,21
11569,4,12.9,21
11570,1,4.0,21
11570,2,6.5,21
11570,3,9.0,21
11570,4,13.0,21
11571,1,3.0,19
11571,2,7.0,19
11571,3,10.0,19
11571,4,13.2,19
11572,1,2.0,19
11572,2,6.8,19
11572,3,10.2,19
11572,4,12.8,19
11573,1,4.0,19
11573,2,7.7,19
11573,3,11.0,19
11573,4,13.8,19
11574,1,3.0,19
11574,2,6.5,19
11574,3,11.2,19
11574,4,13.0,19
11575,1,5.0,19
11575,2,8.0,19
11575,3,12.0,19
11575,4,14.0,19
11576,1,6.0,19
11576,2,8.8,19
11576,3,12.5,19
11576,4,14.3,19
11583,1,3.0,21
11583,2,7.0,21
11583,3,11.0,21
11583,4,13.4,21
11584,1,4.0,21
11584,2,7.0,21
11584,3,10.7,21
11584,4,13.7,21
11585,1,3.0,21
11585,2,6.5,21
11585,3,10.8,21
11585,4,13.5,21
11586,1,4.0,21
11586,2,7.5,21
11586,3,10.8,21
11586,4,13.3,21
11587,1,5.0,21
11587,2,8.0,21
11587,3,12.0,21
11587,4,13.8,21
11588,1,5.0,21
11588,2,7.8,21
11588,3,11.7,21
11588,4,13.8,21
11589,1,3.0,21
11589,2,6.5,21
11589,3,10.7,21
11589,4,13.2,21
11592,1,2.0,21
11592,2,6.2,21
11592,3,8.8,21
11592,4,12.2,21
11593,1,3.0,21
11593,2,7.5,21
11593,3,10.7,21
11593,4,13.2,21
11594,1,5.0,21
11594,2,8.5,21
11594,3,11.9,21
11594,4,14.2,21
11596,1,4.0,21
11596,2,8.0,21
11596,3,12.5,21
11596,4,14.1,21
11607,1,2.0,21
11607,2,6.5,21
11607,3,10.5,21
11607,4,13.8,21
11650,1,3.0,21
11650,2,8.0,21
11650,3,10.8,21
11650,4,13.2,21
11651,1,2.0,21
11651,2,6.2,21
11651,3,9.8,21
11651,4,12.9,21
100018,1,12.0,21
100259,1,13.7,21
100508,1,13.0,21
100524,1,13.0,21
100700,1,14.0,21
110579,1,12.7,21
111355,1,13.0,21
111359,1,13.0,21
